date,hour,minute,KRSP,UTSP,MPSG,USCG,UTFG
19,7,0,0,0,0,0,2
19,7,10,0,0,0,0,13
19,7,20,0,0,0,0,18
19,7,30,0,0,0,0,19
19,7,40,3,0,0,0,24
19,7,50,5,0,0,0,23
19,8,0,9,0,0,0,25
19,8,10,10,0,0,0,33
19,8,20,11,0,0,0,34
19,8,30,11,0,0,0,30
19,8,40,11,0,0,0,32
19,8,50,9,0,0,0,32
19,9,0,7,0,0,0,30
19,9,10,5,0,0,6,30
19,9,20,4,0,0,8,31
19,9,30,4,0,0,12,28
19,9,40,4,0,0,13,29
19,9,50,5,0,0,13,25
19,10,0,5,1,0,13,20
19,10,10,6,1,0,13,26
19,10,20,6,1,0,15,31
19,10,30,7,1,0,14,36
19,10,40,7,1,0,17,42
19,10,50,4,1,0,14,36
19,11,0,7,2,0,13,41
19,11,10,6,2,4,13,39
19,11,20,6,2,6,12,36
19,11,30,7,2,8,13,37
19,11,40,8,2,11,15,38
19,11,50,7,2,11,13,49
19,12,0,8,2,15,12,50
19,12,10,10,2,18,17,59
19,12,20,11,2,16,15,62
19,12,30,14,2,20,20,58
19,12,40,14,2,23,21,62
19,12,50,11,2,20,16,58
19,13,0,10,2,20,17,57
19,13,10,10,2,16,13,55
19,13,20,7,2,13,9,48
19,13,30,4,2,9,8,42
19,13,40,3,2,6,5,38
19,13,50,1,2,10,4,37
19,14,0,2,2,11,2,43
19,14,10,3,2,13,6,49
19,14,20,3,2,17,10,53
19,14,30,5,2,14,13,53
19,14,40,9,2,12,14,57
19,14,50,13,2,14,15,58
19,15,0,15,2,14,15,56
19,15,10,22,2,16,15,61
19,15,20,26,2,17,15,64
19,15,30,24,2,14,17,61
19,15,40,33,3,13,17,66
19,15,50,36,3,12,19,68
19,16,0,38,3,14,22,67
19,16,10,58,3,15,26,74
19,16,20,67,3,16,30,85
19,16,30,71,3,16,26,83
19,16,40,60,3,20,23,79
19,16,50,66,3,19,22,78
19,17,0,72,3,24,20,74
19,17,10,73,3,28,19,76
19,17,20,64,3,24,13,78
19,17,30,61,3,25,13,78
19,17,40,66,3,24,13,76
19,17,50,62,3,21,10,76
19,18,0,67,3,23,12,82
19,18,10,67,3,22,16,85
19,18,20,72,3,25,14,89
19,18,30,70,3,27,13,90
19,18,40,80,3,25,14,87
19,18,50,80,3,25,14,88
19,19,0,89,3,24,19,93
19,19,10,83,3,20,19,99
19,19,20,86,3,16,18,98
19,19,30,82,3,13,20,93
19,19,40,79,3,11,20,92
19,19,50,83,3,9,19,86
19,20,0,84,3,7,21,90
19,20,10,81,3,2,21,84
19,20,20,82,3,2,19,86
19,20,30,80,3,2,15,88
19,20,40,73,3,2,11,90
19,20,50,68,3,2,10,105
19,21,0,55,3,2,2,104
19,21,10,39,3,2,2,113
19,21,20,17,3,2,2,114
19,21,30,17,3,2,2,107
19,21,40,17,3,2,2,102
19,21,50,17,3,2,2,91
19,22,0,17,3,2,2,74
20,7,0,0,0,0,0,0
20,7,5,0,0,0,0,7
20,7,10,0,0,0,0,9
20,7,15,0,0,0,0,11
20,7,20,0,0,0,0,11
20,7,25,0,0,0,0,12
20,7,30,0,0,0,0,14
20,7,35,4,0,0,0,17
20,7,40,5,0,0,0,18
20,7,45,5,0,0,0,19
20,7,50,7,0,0,0,22
20,7,55,7,0,0,0,24
20,8,0,8,0,0,0,22
20,8,5,8,0,0,0,25
20,8,10,8,0,0,0,27
20,8,15,8,0,0,0,27
20,8,20,8,0,0,0,27
20,8,25,9,0,0,0,28
20,8,30,11,0,0,0,28
20,8,35,11,0,0,0,27
20,8,40,11,0,0,0,28
20,8,45,10,0,0,0,29
20,8,50,9,0,0,0,26
20,8,55,6,0,0,0,25
20,9,0,6,0,0,0,24
20,9,5,6,0,0,0,25
20,9,10,7,0,0,3,24
20,9,15,8,0,0,4,25
20,9,20,8,0,0,6,23
20,9,25,7,0,0,8,23
20,9,30,6,0,0,8,21
20,9,35,6,0,0,8,24
20,9,40,5,0,0,10,26
20,9,45,4,0,0,10,22
20,9,50,4,0,0,10,21
20,9,55,4,0,0,10,21
20,10,0,5,0,0,12,19
20,10,5,4,0,0,9,20
20,10,10,9,0,0,9,21
20,10,15,9,0,0,9,29
20,10,20,11,0,0,9,32
20,10,25,11,0,0,9,33
20,10,30,11,0,0,10,36
20,10,35,12,0,0,7,38
20,10,40,14,0,0,8,37
20,10,45,16,0,0,8,38
20,10,50,16,0,0,6,36
20,10,55,18,0,0,7,38
20,11,0,19,0,0,7,42
20,11,5,20,0,0,6,41
20,11,10,21,0,0,5,45
20,11,15,22,0,4,6,43
20,11,20,23,0,5,6,45
20,11,25,24,0,5,8,47
20,11,30,16,0,5,9,45
20,11,35,16,0,7,10,45
20,11,40,15,0,7,8,46
20,11,45,13,0,11,7,45
20,11,50,15,0,12,7,47
20,11,55,15,0,12,6,44
20,12,0,11,0,12,7,45
20,12,5,11,0,10,8,48
20,12,10,14,0,12,8,48
20,12,15,12,0,14,6,47
20,12,20,14,0,14,7,48
20,12,25,12,1,12,6,47
20,12,30,12,1,13,6,40
20,12,35,12,1,14,6,41
20,12,40,18,1,14,6,39
20,12,45,19,1,14,7,34
20,12,50,19,1,14,8,37
20,12,55,20,1,14,11,37
20,13,0,18,1,15,12,38
20,13,5,18,1,16,14,41
20,13,10,18,1,13,14,40
20,13,15,17,1,12,13,40
20,13,20,13,1,17,13,38
20,13,25,15,1,18,14,40
20,13,30,11,1,18,13,37
20,13,35,8,1,15,13,34
20,13,40,9,1,15,13,40
20,13,45,8,1,13,13,40
20,13,50,7,1,14,11,46
20,13,55,6,1,14,12,45
20,14,0,5,1,15,12,43
20,14,5,6,1,14,13,41
20,14,10,14,1,14,13,40
20,14,15,17,1,14,13,42
20,14,20,17,1,14,12,42
20,14,25,20,1,15,12,42
20,14,30,20,1,19,14,48
20,14,35,19,1,17,15,47
20,14,40,18,1,16,15,50
20,14,45,20,1,18,15,48
20,14,50,20,1,17,15,50
20,14,55,21,1,17,15,53
20,15,0,19,1,18,14,51
20,15,5,20,1,19,13,50
20,15,10,21,1,18,14,53
20,15,15,23,1,20,14,56
20,15,20,21,1,23,15,58
20,15,25,20,1,22,15,63
20,15,30,19,1,23,12,63
20,15,35,21,1,21,16,66
20,15,40,23,1,21,15,63
20,15,45,19,1,22,15,62
20,15,50,22,1,17,16,63
20,15,55,25,1,21,13,68
20,16,0,27,1,22,17,68
20,16,5,27,1,22,17,75
20,16,10,30,1,20,21,77
20,16,15,27,1,20,24,80
20,16,20,27,1,22,25,75
20,16,25,30,1,22,25,78
20,16,30,34,1,22,28,75
20,16,35,35,1,26,29,77
20,16,40,33,1,27,28,74
20,16,45,37,1,30,26,78
20,16,50,42,1,31,22,80
20,16,55,44,1,33,21,78
20,17,0,51,1,38,19,77
20,17,5,56,1,38,19,76
20,17,10,62,1,38,20,82
20,17,15,64,1,37,22,84
20,17,20,63,1,36,21,83
20,17,25,64,1,36,24,86
20,17,30,61,1,36,23,87
20,17,35,62,1,36,22,85
20,17,40,61,1,34,20,82
20,17,45,57,1,35,21,81
20,17,50,58,1,31,22,89
20,17,55,62,2,29,22,88
20,18,0,67,2,29,21,93
20,18,5,70,2,28,21,93
20,18,10,78,2,29,23,88
20,18,15,75,2,32,25,84
20,18,20,75,2,30,24,82
20,18,25,76,2,29,23,79
20,18,30,78,2,30,23,81
20,18,35,75,2,30,24,82
20,18,40,73,2,31,24,87
20,18,45,75,2,29,21,90
20,18,50,77,3,30,22,85
20,18,55,75,3,27,19,88
20,19,0,81,3,24,20,85
20,19,5,78,3,25,21,88
20,19,10,77,3,23,19,87
20,19,15,72,3,23,16,88
20,19,20,68,3,20,16,88
20,19,25,67,3,20,21,83
20,19,30,71,3,18,20,87
20,19,35,66,3,17,22,84
20,19,40,62,3,16,20,80
20,19,45,61,2,17,16,80
20,19,50,59,2,13,16,78
20,19,55,57,2,9,16,80
20,20,0,60,2,7,15,75
20,20,5,58,2,7,16,73
20,20,10,59,2,7,14,72
20,20,15,54,2,7,15,77
20,20,20,50,2,7,15,80
20,20,25,48,2,7,14,79
20,20,30,46,2,7,10,85
20,20,35,44,2,7,9,81
20,20,40,44,2,7,9,83
20,20,45,42,2,7,9,84
20,20,50,40,2,7,4,87
20,20,55,31,2,7,3,83
20,21,0,22,2,7,0,84
20,21,5,21,2,7,0,81
20,21,10,20,2,7,0,79
20,21,15,20,2,7,0,80
20,21,20,19,2,7,0,81
20,21,25,17,2,7,0,80
20,21,30,17,2,7,0,74
20,21,35,17,2,7,0,72
20,21,40,17,2,7,0,69
20,21,45,17,2,7,0,65
20,21,50,17,2,7,0,58
20,21,55,17,2,7,0,54
20,22,0,17,2,7,0,50
21,7,0,0,0,0,0,0
21,7,5,0,0,0,0,0
21,7,10,0,0,0,0,0
21,7,15,0,0,0,0,5
21,7,20,0,0,0,0,7
21,7,25,0,0,0,0,8
21,7,30,0,0,0,0,8
21,7,35,0,0,0,0,10
21,7,40,0,0,0,0,9
21,7,45,0,0,0,0,10
21,7,50,0,0,0,0,12
21,7,55,0,0,0,0,12
21,8,0,0,0,0,0,13
21,8,5,0,0,0,0,13
21,8,10,0,0,0,0,13
21,8,15,0,0,0,0,18
21,8,20,0,0,0,0,19
21,8,25,0,0,0,0,17
21,8,30,0,0,0,0,19
21,8,35,0,0,0,0,19
21,8,40,0,0,0,0,22
21,8,45,0,0,0,0,22
21,8,50,0,0,0,0,24
21,8,55,0,0,0,0,23
21,9,0,7,0,0,0,23
21,9,5,11,0,0,0,25
21,9,10,16,0,0,1,22
21,9,15,17,0,0,1,23
21,9,20,17,0,0,1,26
21,9,25,18,0,0,3,25
21,9,30,21,0,0,3,26
21,9,35,21,0,0,3,27
21,9,40,21,0,0,4,24
21,9,45,22,0,0,5,22
21,9,50,23,0,0,5,24
21,9,55,23,0,0,5,26
21,10,0,23,0,0,5,24
21,10,5,23,0,0,7,22
21,10,10,23,0,0,7,23
21,10,15,24,0,0,7,25
21,10,20,24,0,0,7,31
21,10,25,23,0,0,8,31
21,10,30,20,0,0,8,31
21,10,35,19,0,0,8,32
21,10,40,17,0,0,8,34
21,10,45,16,0,0,5,33
21,10,50,12,0,0,5,35
21,10,55,11,0,0,5,37
21,11,0,12,0,0,5,41
21,11,5,9,0,0,4,40
21,11,10,9,0,0,6,40
21,11,15,10,0,0,6,43
21,11,20,12,0,0,6,41
21,11,25,12,0,0,6,41
21,11,30,12,0,0,6,41
21,11,35,13,0,0,8,41
21,11,40,27,0,0,9,42
21,11,45,28,0,0,10,39
21,11,50,22,0,0,9,39
21,11,55,24,0,0,9,40
21,12,0,22,0,0,8,43
21,12,5,21,0,0,7,44
21,12,10,13,0,0,6,48
21,12,15,14,0,0,7,47
21,12,20,15,0,0,6,49
21,12,25,15,0,0,6,48
21,12,30,15,0,0,2,48
21,12,35,15,0,0,3,51
21,12,40,16,0,0,5,50
21,12,45,16,0,0,5,48
21,12,50,15,0,0,5,45
21,12,55,15,0,0,5,42
21,13,0,15,0,0,4,39
21,13,5,15,0,0,4,28
21,13,10,17,0,0,5,27
21,13,15,15,0,0,6,25
21,13,20,15,0,0,6,29
21,13,25,14,0,0,9,29
21,13,30,14,0,0,14,29
21,13,35,16,0,0,14,29
21,13,40,17,0,0,15,28
21,13,45,19,0,0,17,29
21,13,50,16,0,0,23,32
21,13,55,16,0,0,23,33
21,14,0,16,0,0,23,34
21,14,5,16,0,0,24,35
21,14,10,17,0,0,23,37
21,14,15,18,0,0,23,39
21,14,20,18,0,0,21,43
21,14,25,17,0,0,19,44
21,14,30,17,0,0,19,43
21,14,35,17,0,0,20,43
21,14,40,17,0,0,21,45
21,14,45,19,0,0,22,45
21,14,50,21,0,0,22,44
21,14,55,23,0,0,21,43
21,15,0,22,0,0,21,42
21,15,5,22,0,0,20,43
21,15,10,22,0,0,8,41
21,15,15,25,0,0,7,42
21,15,20,27,0,0,8,41
21,15,25,27,0,0,8,41
21,15,30,27,0,0,8,42
21,15,35,27,0,0,9,44
21,15,40,27,0,0,7,44
21,15,45,27,0,0,7,45
21,15,50,29,0,0,8,43
21,15,55,29,0,0,8,40
21,16,0,38,0,0,8,38
21,16,5,40,0,0,10,39
21,16,10,40,0,0,9,40
21,16,15,43,0,0,7,40
21,16,20,44,0,0,8,42
21,16,25,46,0,0,10,44
21,16,30,48,0,0,11,48
21,16,35,50,0,0,12,51
21,16,40,51,0,0,12,56
21,16,45,53,0,0,13,57
21,16,50,55,0,0,13,54
21,16,55,56,0,0,13,51
21,17,0,61,0,0,12,50
21,17,5,59,0,0,12,55
21,17,10,64,0,0,11,56
21,17,15,62,0,0,8,56
21,17,20,67,0,0,8,59
21,17,25,68,0,0,9,58
21,17,30,67,0,0,9,57
21,17,35,69,0,0,8,58
21,17,40,69,0,0,9,60
21,17,45,75,0,0,11,58
21,17,50,70,0,0,12,55
21,17,55,71,0,0,11,56
21,18,0,69,0,0,10,57
21,18,5,65,0,0,10,55
21,18,10,64,0,0,9,55
21,18,15,64,0,0,8,58
21,18,20,63,0,0,8,59
21,18,25,56,0,0,9,57
21,18,30,51,0,0,7,57
21,18,35,49,0,0,5,59
21,18,40,47,0,0,6,58
21,18,45,44,0,0,5,55
21,18,50,41,0,0,4,53
21,18,55,40,0,0,3,52
21,19,0,30,0,0,2,57
21,19,5,28,0,0,1,57
21,19,10,27,0,0,1,58
21,19,15,24,0,0,1,58
21,19,20,21,0,0,1,58
21,19,25,19,0,0,1,57
21,19,30,19,0,0,1,52
21,19,35,19,0,0,1,51
21,19,40,19,0,0,1,49
21,19,45,19,0,0,1,46
21,19,50,19,0,0,1,44
21,19,55,19,0,0,1,46
21,20,0,19,0,0,1,48
21,20,5,19,0,0,1,47
21,20,10,19,0,0,1,47
21,20,15,19,0,0,1,48
21,20,20,19,0,0,1,52
21,20,25,19,0,0,1,55
21,20,30,19,0,0,1,59
21,20,35,19,0,0,1,62
21,20,40,19,0,0,1,64
21,20,45,19,0,0,1,64
21,20,50,19,0,0,1,65
21,20,55,19,0,0,1,62
21,21,0,19,0,0,1,65
21,21,5,19,0,0,1,63
21,21,10,19,0,0,1,63
21,21,15,19,0,0,1,62
21,21,20,19,0,0,1,61
21,21,25,19,0,0,1,64
21,21,30,19,0,0,1,63
21,21,35,19,0,0,1,63
21,21,40,19,0,0,1,62
21,21,45,19,0,0,1,59
21,21,50,19,0,0,1,59
21,21,55,19,0,0,1,50
21,22,0,19,0,0,1,41
23,7,2,0,0,0,0,3
23,7,5,0,0,0,0,4
23,7,10,0,0,0,0,7
23,7,15,0,0,0,0,9
23,7,20,0,0,0,0,10
23,7,25,0,0,0,0,13
23,7,30,0,1,0,0,14
23,7,35,2,1,0,0,14
23,7,40,5,1,0,0,14
23,7,45,5,1,0,0,14
23,7,50,7,1,0,0,18
23,7,55,7,1,0,0,20
23,8,0,7,1,0,0,21
23,8,5,7,1,0,0,25
23,8,10,7,1,0,0,29
23,8,15,7,1,0,0,27
23,8,20,7,1,0,0,28
23,8,25,7,1,0,0,29
23,8,30,7,1,0,0,28
23,8,35,6,1,0,0,25
23,8,40,6,1,0,0,25
23,8,45,5,1,0,0,26
23,8,50,8,1,0,0,27
23,8,55,6,1,0,0,32
23,9,0,6,1,0,1,30
23,9,5,7,1,0,2,32
23,9,10,6,1,0,2,32
23,9,15,6,1,0,3,31
23,9,20,6,1,0,3,33
23,9,25,5,1,0,3,32
23,9,30,6,1,0,3,29
23,9,35,6,1,0,6,29
23,9,40,5,1,0,6,29
23,9,45,5,1,0,6,29
23,9,50,5,1,0,6,29
23,9,55,5,1,0,5,29
23,10,0,5,1,0,5,29
23,10,5,6,1,0,5,29
23,10,10,6,1,0,6,31
23,10,15,7,1,0,7,30
23,10,20,6,1,0,8,30
23,10,25,6,1,0,7,28
23,10,30,7,1,0,8,28
23,10,35,8,1,0,8,29
23,10,40,8,1,0,8,28
23,10,45,9,1,0,8,27
23,10,50,9,1,0,8,26
23,10,55,9,1,0,6,29
23,11,0,10,1,0,6,28
23,11,5,11,1,7,6,29
23,11,10,11,1,7,6,28
23,11,15,10,1,8,5,30
23,11,20,11,1,8,5,29
23,11,25,11,1,8,6,33
23,11,30,11,1,11,6,34
23,11,35,11,1,11,6,35
23,11,40,11,1,11,5,36
23,11,45,11,1,11,5,38
23,11,50,9,1,11,6,37
23,11,55,11,1,11,6,41
23,12,0,12,1,9,5,39
23,12,5,10,1,9,7,36
23,12,10,10,1,9,6,35
23,12,15,10,1,9,5,33
23,12,20,10,1,10,5,34
23,12,25,11,1,8,5,35
23,12,30,13,1,9,5,36
23,12,35,15,1,7,5,42
23,12,40,15,1,7,4,40
23,12,45,14,1,8,4,40
23,12,50,14,1,8,4,38
23,12,55,15,1,8,4,39
23,13,0,18,1,6,6,40
23,13,5,18,1,7,5,38
23,13,10,17,1,8,6,36
23,13,15,17,1,7,7,35
23,13,20,17,1,10,7,36
23,13,25,18,1,10,7,38
23,13,30,16,1,10,6,37
23,13,35,16,1,17,6,36
23,13,40,16,1,19,6,34
23,13,45,16,1,21,7,34
23,13,50,16,1,22,6,36
23,13,55,16,1,23,6,32
23,14,0,16,1,23,7,32
23,14,5,16,1,25,7,33
23,14,10,16,1,24,8,35
23,14,15,16,1,24,7,35
23,14,20,15,1,24,8,41
23,14,25,15,1,23,10,39
23,14,30,16,1,23,9,39
23,14,35,16,1,23,9,39
23,14,40,17,1,24,9,40
23,14,45,17,1,20,7,42
23,14,50,20,1,19,6,42
23,14,55,24,1,16,8,45
23,15,0,24,1,13,10,45
23,15,5,33,1,9,11,46
23,15,10,33,1,5,9,46
23,15,15,35,1,2,13,48
23,15,20,36,1,2,12,49
23,15,25,35,1,2,12,49
23,15,30,36,1,2,10,52
23,15,35,37,1,3,12,57
23,15,40,36,1,4,12,54
23,15,45,33,1,5,14,57
23,15,50,33,1,7,13,60
23,15,55,32,1,7,13,60
23,16,0,33,1,8,15,52
23,16,5,30,1,7,15,51
23,16,10,30,1,9,16,50
23,16,15,32,1,9,15,50
23,16,20,38,1,10,15,50
23,16,25,41,1,11,15,46
23,16,30,40,1,13,16,50
23,16,35,40,1,20,15,50
23,16,40,40,1,20,13,50
23,16,45,43,1,20,11,53
23,16,50,39,1,20,14,52
23,16,55,40,1,20,14,51
23,17,0,41,1,21,15,53
23,17,5,43,1,23,14,51
23,17,10,43,1,23,13,55
23,17,15,42,1,23,15,56
23,17,20,42,1,22,14,64
23,17,25,41,1,22,16,64
23,17,30,41,1,19,17,68
23,17,35,51,1,18,21,72
23,17,40,58,1,18,19,77
23,17,45,60,1,16,16,76
23,17,50,65,1,22,18,80
23,17,55,63,1,22,13,84
23,18,0,63,1,23,14,84
23,18,5,65,1,23,15,88
23,18,10,63,1,23,15,84
23,18,15,63,1,26,16,80
23,18,20,66,1,30,19,83
23,18,25,62,1,30,22,79
23,18,30,65,1,32,23,82
23,18,35,65,1,33,29,74
23,18,40,66,1,36,30,77
23,18,45,67,1,35,28,80
23,18,50,58,1,33,28,85
23,18,55,62,1,28,31,83
23,19,0,70,1,25,29,87
23,19,5,70,1,26,30,90
23,19,10,73,1,26,30,90
23,19,15,80,1,24,27,87
23,19,20,86,1,23,27,83
23,19,25,87,1,19,25,79
23,19,30,82,1,20,22,79
23,19,35,75,1,16,22,81
23,19,40,77,1,14,23,76
23,19,45,76,1,10,27,80
23,19,50,79,1,8,27,79
23,19,55,82,1,6,28,76
23,20,0,82,1,1,24,75
23,20,5,85,1,1,24,73
23,20,10,83,1,1,23,74
23,20,15,81,1,1,14,77
23,20,20,79,1,1,14,80
23,20,25,76,1,1,14,78
23,20,30,73,1,1,14,78
23,20,35,70,1,1,15,81
23,20,40,64,1,1,13,83
23,20,45,64,1,1,12,79
23,20,50,48,1,1,11,78
23,20,55,44,1,1,8,84
23,21,0,32,1,1,3,86
23,21,5,29,1,1,0,86
23,21,10,20,1,1,0,83
23,21,15,13,1,1,0,83
23,21,20,8,1,1,0,82
23,21,25,8,1,1,0,83
23,21,30,8,1,1,0,77
23,21,35,8,1,1,0,71
23,21,40,8,1,1,0,62
23,21,45,8,1,1,0,58
23,21,50,8,1,1,0,54
23,21,55,8,1,1,0,48
23,22,0,8,1,1,0,39
24,7,19,0,0,0,0,15
24,7,19,0,0,0,0,15
24,7,19,0,0,0,0,15
24,7,19,0,0,0,0,15
24,7,19,0,0,0,0,15
24,7,20,0,0,0,0,15
24,7,25,0,0,0,0,16
24,7,30,0,0,0,0,20
24,7,35,2,0,0,0,20
24,7,40,3,0,0,0,21
24,7,45,5,0,0,0,23
24,7,50,7,0,0,0,22
24,7,55,12,0,0,0,24
24,8,0,12,0,0,0,24
24,8,5,13,0,0,0,26
24,8,10,13,0,0,0,28
24,8,15,14,0,0,0,30
24,8,20,14,0,0,0,34
24,8,25,13,0,0,0,34
24,8,30,13,0,0,0,33
24,8,35,13,0,0,0,35
24,8,40,13,0,0,0,37
24,8,45,11,0,0,0,37
24,8,50,10,0,0,0,38
24,8,55,7,0,0,0,37
24,9,0,8,0,0,0,38
24,9,5,10,0,0,2,37
24,9,10,11,0,0,3,38
24,9,15,10,0,0,3,36
24,9,20,6,0,0,4,35
24,9,25,5,0,0,4,37
24,9,30,5,0,0,4,33
24,9,35,6,0,0,6,34
24,9,40,6,0,0,6,31
24,9,45,6,0,0,5,31
24,9,50,6,0,0,5,30
24,9,55,5,0,0,5,28
24,10,0,5,0,0,5,31
24,10,5,6,0,0,5,29
24,10,10,5,0,0,4,29
24,10,15,5,0,0,4,32
24,10,20,5,0,0,5,30
24,10,25,5,0,0,6,29
24,10,30,5,0,0,6,30
24,10,35,5,0,0,8,31
24,10,40,5,0,0,8,29
24,10,45,4,0,0,7,30
24,10,50,6,0,0,9,27
24,10,55,6,0,0,7,29
24,11,0,8,0,0,7,29
24,11,5,8,0,2,7,31
24,11,10,8,0,2,6,35
24,11,15,8,0,3,6,36
24,11,20,9,0,3,7,32
24,11,25,9,0,4,6,34
24,11,30,9,0,5,5,32
24,11,35,8,0,7,9,35
24,11,40,6,0,7,10,35
24,11,45,5,0,8,11,36
24,11,50,5,0,8,11,36
24,11,55,5,0,9,12,39
24,12,0,6,0,9,13,40
24,12,5,6,0,10,11,40
24,12,10,7,0,11,11,38
24,12,15,7,0,12,10,37
24,12,20,7,0,13,11,36
24,12,25,8,0,13,8,35
24,12,30,8,0,13,8,37
24,12,35,9,0,12,8,38
24,12,40,10,0,10,7,38
24,12,45,9,0,10,7,35
24,12,50,9,0,10,7,35
24,12,55,9,0,9,7,34
24,13,0,7,0,9,6,34
24,13,5,6,0,9,5,31
24,13,10,6,0,10,5,31
24,13,15,6,0,10,4,24
24,13,20,4,0,9,4,21
24,13,25,4,0,10,4,22
24,13,30,4,0,10,5,21
24,13,35,6,0,10,8,27
24,13,40,6,0,10,9,25
24,13,45,9,0,8,9,26
24,13,50,9,0,8,11,26
24,13,55,9,0,8,11,26
24,14,0,9,0,9,11,27
24,14,5,9,0,9,11,30
24,14,10,9,0,6,10,33
24,14,15,8,0,7,11,32
24,14,20,8,0,9,11,31
24,14,25,7,0,10,10,30
24,14,30,8,0,9,11,28
24,14,35,6,0,8,9,27
24,14,40,6,0,7,8,27
24,14,45,6,0,7,7,27
24,14,50,6,0,6,7,29
24,14,55,6,0,6,7,29
24,15,0,6,0,6,6,33
24,15,5,6,0,8,6,31
24,15,10,4,0,8,5,28
24,15,15,4,0,6,6,27
24,15,20,4,0,6,6,28
24,15,25,5,0,8,5,30
24,15,30,5,0,7,6,29
24,15,35,6,0,6,6,29
24,15,40,5,0,6,7,31
24,15,45,4,0,7,5,37
24,15,50,6,0,8,6,39
24,15,55,7,0,11,6,40
24,16,0,9,0,12,8,41
24,16,5,13,0,12,11,40
24,16,10,13,0,12,11,40
24,16,15,14,0,13,10,43
24,16,20,15,0,13,9,49
24,16,25,18,0,16,8,52
24,16,30,23,0,16,11,52
24,16,35,23,0,18,11,55
24,16,40,27,0,17,13,56
24,16,45,27,0,25,14,59
24,16,50,31,0,25,13,61
24,16,55,34,0,24,12,64
24,17,0,37,0,28,11,65
24,17,5,43,0,29,16,59
24,17,10,41,0,30,16,61
24,17,15,42,0,32,16,62
24,17,20,42,0,23,17,68
24,17,25,39,0,21,21,71
24,17,30,40,0,20,22,70
24,17,35,39,0,18,25,71
24,17,40,37,0,17,19,72
24,17,45,38,0,16,21,80
24,17,50,43,0,13,19,82
24,17,55,43,0,12,13,85
24,18,0,49,0,15,12,89
24,18,5,53,0,16,13,89
24,18,10,52,0,16,13,85
24,18,15,52,0,16,12,91
24,18,20,47,0,16,9,91
24,18,25,46,0,21,15,91
24,18,30,47,0,19,14,88
24,18,35,50,0,24,16,88
24,18,40,55,0,21,17,93
24,18,45,56,0,20,16,95
24,18,50,56,0,21,19,95
24,18,55,58,0,24,17,96
24,19,0,57,0,25,19,94
24,19,5,58,0,25,18,86
24,19,10,58,0,24,20,75
24,19,15,55,0,24,20,77
24,19,20,56,0,21,21,72
24,19,25,52,0,21,21,74
24,19,30,50,0,20,24,77
24,19,35,48,0,22,22,76
24,19,40,47,0,19,18,77
24,19,45,46,0,17,15,79
24,19,50,46,0,14,14,74
24,19,55,46,0,10,19,69
24,20,0,47,0,10,19,71
24,20,5,51,0,1,14,74
24,20,10,50,0,1,14,74
24,20,15,50,0,1,14,80
24,20,20,49,0,1,14,82
24,20,25,49,0,1,13,78
24,20,30,43,0,1,17,73
24,20,35,43,0,1,20,73
24,20,40,42,0,1,19,85
24,20,45,39,0,1,17,87
24,20,50,36,0,1,14,83
24,20,55,31,0,1,13,86
24,21,0,28,0,1,9,91
24,21,5,21,0,1,1,92
24,21,10,21,0,1,1,91
24,21,15,21,0,1,1,93
24,21,20,7,0,1,1,89
24,21,25,7,0,1,1,90
24,21,30,7,0,1,1,86
24,21,35,7,0,1,1,84
24,21,40,7,0,1,1,79
24,21,45,7,0,1,1,75
24,21,50,7,0,1,1,72
24,21,55,7,0,1,1,65
24,22,0,7,0,1,1,51
25,7,0,0,0,0,0,0
25,7,5,0,0,0,0,5
25,7,10,0,0,0,0,12
25,7,15,0,0,0,0,13
25,7,20,0,0,0,0,14
25,7,25,0,0,0,0,20
25,7,30,0,0,0,0,22
25,7,35,3,0,0,0,22
25,7,40,4,0,0,0,25
25,7,45,4,0,0,0,26
25,7,50,4,0,0,0,23
25,7,55,6,0,0,0,27
25,8,0,6,0,0,0,28
25,8,5,6,0,0,0,28
25,8,10,7,0,0,0,30
25,8,15,8,0,0,0,32
25,8,20,8,0,0,0,33
25,8,25,8,0,0,0,31
25,8,30,7,0,0,0,32
25,8,35,7,0,0,0,31
25,8,40,7,0,0,0,30
25,8,45,8,0,0,0,31
25,8,50,8,0,0,0,33
25,8,55,9,0,0,0,33
25,9,0,11,0,0,0,32
25,9,5,13,0,0,4,32
25,9,10,15,0,0,5,32
25,9,15,14,0,0,5,33
25,9,20,13,0,0,5,30
25,9,25,13,0,0,5,28
25,9,30,14,0,0,7,25
25,9,35,14,0,0,8,22
25,9,40,13,0,0,8,15
25,9,45,13,0,0,8,15
25,9,50,12,0,0,8,15
25,9,55,10,0,0,8,20
25,10,0,8,0,0,7,23
25,10,5,7,0,0,8,26
25,10,10,7,0,0,7,30
25,10,15,7,0,0,11,31
25,10,20,6,0,0,11,35
25,10,25,6,0,0,11,35
25,10,30,6,0,0,13,38
25,10,35,6,0,0,10,43
25,10,40,6,0,0,11,45
25,10,45,6,0,0,12,44
25,10,50,6,0,0,11,45
25,10,55,6,0,0,12,43
25,11,0,7,0,0,12,45
25,11,5,6,0,4,10,46
25,11,10,6,0,9,10,45
25,11,15,6,0,11,9,46
25,11,20,6,0,11,8,44
25,11,25,5,0,12,8,40
25,11,30,4,0,12,6,43
25,11,35,4,0,12,6,41
25,11,40,4,0,12,6,39
25,11,45,3,0,15,5,39
25,11,50,3,0,18,5,39
25,11,55,3,0,20,5,38
25,12,0,12,0,21,5,37
25,12,5,13,0,22,5,33
25,12,10,13,0,16,5,32
25,12,15,13,0,16,4,32
25,12,20,13,0,15,3,28
25,12,25,13,0,13,3,25
25,12,30,13,0,12,3,25
25,12,35,14,0,12,4,24
25,12,40,15,0,10,4,23
25,12,45,15,0,9,6,24
25,12,50,15,0,9,6,24
25,12,55,15,0,10,6,25
25,13,0,15,0,10,8,26
25,13,5,14,0,10,8,28
25,13,10,14,0,10,9,28
25,13,15,14,0,8,10,27
25,13,20,15,0,4,11,29
25,13,25,15,0,4,10,31
25,13,30,15,0,3,9,30
25,13,35,15,0,4,8,31
25,13,40,12,0,4,10,33
25,13,45,6,0,6,10,33
25,13,50,3,0,7,10,35
25,13,55,3,0,7,8,34
25,14,0,3,0,7,8,34
25,14,5,3,0,8,7,35
25,14,10,3,0,7,6,37
25,14,15,3,0,8,7,42
25,14,20,3,0,9,9,42
25,14,25,4,0,9,9,44
25,14,30,4,0,9,9,44
25,14,35,4,0,9,10,44
25,14,40,3,0,12,10,46
25,14,45,3,0,9,8,49
25,14,50,3,0,9,6,45
25,14,55,3,0,9,5,48
25,15,0,4,0,8,5,51
25,15,5,7,0,9,8,50
25,15,10,7,0,9,8,51
25,15,15,8,0,9,7,50
25,15,20,9,0,10,7,54
25,15,25,8,0,13,7,50
25,15,30,10,0,14,7,50
25,15,35,9,0,13,6,46
25,15,40,10,0,13,6,48
25,15,45,10,0,13,7,51
25,15,50,11,0,15,7,53
25,15,55,14,0,15,9,52
25,16,0,14,0,14,5,55
25,16,5,14,0,14,5,57
25,16,10,16,0,21,5,57
25,16,15,13,0,21,6,58
25,16,20,19,0,23,7,59
25,16,25,24,0,24,8,58
25,16,30,25,0,28,10,59
25,16,35,33,0,25,12,61
25,16,40,33,0,27,13,58
25,16,45,36,0,26,13,62
25,16,50,38,0,27,14,63
25,16,55,44,0,28,14,61
25,17,0,51,0,30,13,61
25,17,5,59,0,28,13,64
25,17,10,61,0,28,14,64
25,17,15,59,0,26,15,63
25,17,20,61,0,31,16,66
25,17,25,60,0,33,15,67
25,17,30,57,0,33,15,68
25,17,35,58,0,30,15,70
25,17,40,63,0,29,10,72
25,17,45,62,0,31,7,70
25,17,50,55,0,30,7,70
25,17,55,55,0,30,8,70
25,18,0,58,0,30,12,67
25,18,5,59,0,32,12,67
25,18,10,59,0,24,12,65
25,18,15,50,0,23,12,65
25,18,20,47,1,22,14,67
25,18,25,54,1,23,16,72
25,18,30,53,1,26,19,76
25,18,35,55,1,24,25,77
25,18,40,55,1,27,26,76
25,18,45,58,1,26,25,82
25,18,50,64,1,25,25,83
25,18,55,67,1,29,23,84
25,19,0,68,1,31,21,86
25,19,5,66,1,31,19,85
25,19,10,73,1,30,20,83
25,19,15,72,1,31,18,86
25,19,20,62,1,30,19,85
25,19,25,63,1,30,18,89
25,19,30,63,1,29,17,89
25,19,35,62,1,26,15,82
25,19,40,63,1,24,17,80
25,19,45,68,1,24,14,76
25,19,50,68,1,19,11,75
25,19,55,71,1,16,9,77
25,20,0,72,1,3,10,72
25,20,5,73,1,3,9,74
25,20,10,74,1,3,8,74
25,20,15,73,1,3,10,81
25,20,20,73,1,3,9,80
25,20,25,72,1,3,8,79
25,20,30,67,1,3,8,81
25,20,35,65,1,3,8,82
25,20,40,65,1,3,8,85
25,20,45,65,1,3,8,86
25,20,50,64,1,3,6,87
25,20,55,52,1,3,4,86
25,21,0,46,1,3,1,82
25,21,5,36,1,3,1,84
25,21,10,31,1,3,1,84
25,21,15,28,1,3,1,82
25,21,20,7,1,3,1,81
25,21,25,6,1,3,1,81
25,21,30,6,1,3,1,75
25,21,35,6,1,3,1,75
25,21,40,6,1,3,1,71
25,21,45,6,1,3,1,68
25,21,50,6,1,3,1,67
25,21,55,6,1,3,1,54
25,22,0,6,1,3,1,45
26,7,0,0,0,0,0,2
26,7,5,0,0,0,0,6
26,7,10,0,0,0,0,11
26,7,15,0,0,0,0,17
26,7,20,0,0,0,0,18
26,7,25,0,0,0,0,20
26,7,30,0,0,0,0,21
26,7,35,3,0,0,0,22
26,7,40,3,0,0,0,24
26,7,45,4,0,0,0,25
26,7,50,4,0,0,0,27
26,7,55,5,0,0,0,30
26,8,0,5,0,0,0,28
26,8,5,7,0,0,0,28
26,8,10,7,0,0,0,23
26,8,15,7,0,0,0,26
26,8,20,7,0,0,0,28
26,8,25,6,0,0,0,28
26,8,30,6,0,0,0,29
26,8,35,6,0,0,0,28
26,8,40,4,0,0,0,26
26,8,45,5,0,0,0,26
26,8,50,5,0,0,0,26
26,8,55,5,0,0,0,28
26,9,0,5,0,0,0,25
26,9,5,4,0,0,0,26
26,9,10,3,0,0,0,26
26,9,15,2,0,0,1,22
26,9,20,1,0,0,1,23
26,9,25,1,0,0,1,22
26,9,30,1,0,0,1,24
26,9,35,1,0,0,1,27
26,9,40,1,0,0,2,24
26,9,45,1,0,0,2,18
26,9,50,1,0,0,3,18
26,9,55,1,0,0,3,22
26,10,0,2,0,0,3,20
26,10,5,2,0,0,4,20
26,10,10,2,0,0,5,21
26,10,15,2,0,0,5,26
26,10,20,2,0,0,5,29
26,10,25,3,0,0,6,33
26,10,30,3,0,0,6,33
26,10,35,3,0,0,6,38
26,10,40,3,0,0,6,36
26,10,45,4,0,0,6,33
26,10,50,6,0,0,6,34
26,10,55,7,0,0,6,38
26,11,0,8,0,0,6,38
26,11,5,7,0,5,7,39
26,11,10,6,0,5,6,44
26,11,15,7,0,5,6,43
26,11,20,7,0,6,5,38
26,11,25,7,0,7,5,37
26,11,30,7,0,9,6,38
26,11,35,7,0,9,6,37
26,11,40,5,0,10,7,35
26,11,45,5,0,10,7,31
26,11,50,5,0,10,6,30
26,11,55,5,0,11,6,27
26,12,0,7,0,8,7,23
26,12,5,7,0,8,7,20
26,12,10,5,0,11,8,21
26,12,15,4,0,11,7,22
26,12,20,4,0,10,9,22
26,12,25,6,0,10,9,23
26,12,30,8,0,10,9,25
26,12,35,9,0,11,8,24
26,12,40,9,0,11,9,21
26,12,45,6,0,10,9,19
26,12,50,6,0,10,9,19
26,12,55,7,0,7,11,19
26,13,0,7,0,6,9,19
26,13,5,6,0,6,10,18
26,13,10,6,0,6,10,17
26,13,15,6,0,6,10,17
26,13,20,6,0,6,9,19
26,13,25,3,0,6,6,18
26,13,30,2,0,5,5,17
26,13,35,1,0,3,5,16
26,13,40,1,0,3,5,14
26,13,45,1,0,2,5,13
26,13,50,1,0,2,5,14
26,13,55,1,0,3,5,13
26,14,0,1,0,3,5,14
26,14,5,1,0,3,5,15
26,14,10,1,0,3,5,15
26,14,15,2,0,3,5,18
26,14,20,2,0,2,5,21
26,14,25,2,0,2,5,21
26,14,30,2,0,2,5,22
26,14,35,2,0,3,5,22
26,14,40,2,0,3,5,23
26,14,45,2,0,3,7,23
26,14,50,2,0,3,7,23
26,14,55,5,0,2,9,23
26,15,0,4,0,3,9,23
26,15,5,6,0,3,10,23
26,15,10,6,0,3,11,27
26,15,15,8,0,6,12,25
26,15,20,9,0,5,12,25
26,15,25,9,0,6,12,24
26,15,30,13,0,6,13,25
26,15,35,14,0,5,12,26
26,15,40,15,0,5,12,26
26,15,45,14,0,5,12,30
26,15,50,14,0,5,12,34
26,15,55,15,0,4,12,36
26,16,0,15,0,6,13,35
26,16,5,14,0,8,12,37
26,16,10,22,0,8,13,37
26,16,15,28,0,8,13,38
26,16,20,28,0,9,13,40
26,16,25,29,0,12,13,40
26,16,30,31,0,12,15,42
26,16,35,34,0,12,14,41
26,16,40,35,0,12,15,40
26,16,45,39,0,12,16,37
26,16,50,40,0,15,17,38
26,16,55,38,0,18,16,42
26,17,0,37,0,19,17,46
26,17,5,35,0,19,16,44
26,17,10,39,0,19,17,48
26,17,15,36,0,20,18,50
26,17,20,39,0,22,20,51
26,17,25,40,0,26,21,55
26,17,30,42,0,28,20,57
26,17,35,41,0,28,23,57
26,17,40,41,0,23,23,62
26,17,45,42,0,24,22,61
26,17,50,37,0,23,22,61
26,17,55,39,0,23,21,61
26,18,0,44,0,26,21,62
26,18,5,37,0,23,19,58
26,18,10,34,0,23,17,58
26,18,15,36,0,24,20,57
26,18,20,37,0,23,24,62
26,18,25,41,0,24,24,58
26,18,30,45,0,22,20,58
26,18,35,46,0,24,20,59
26,18,40,53,0,24,21,57
26,18,45,54,0,24,21,56
26,18,50,52,0,27,22,58
26,18,55,52,0,22,23,58
26,19,0,54,0,18,23,65
26,19,5,57,0,19,24,64
26,19,10,59,0,15,20,63
26,19,15,59,0,17,21,66
26,19,20,63,0,14,21,71
26,19,25,62,0,14,20,70
26,19,30,64,0,14,21,73
26,19,35,65,0,14,26,74
26,19,40,66,0,12,28,82
26,19,45,65,0,10,24,81
26,19,50,66,0,10,22,84
26,19,55,68,0,9,21,88
26,20,0,66,0,5,20,86
26,20,5,65,0,3,21,82
26,20,10,62,0,3,21,82
26,20,15,60,0,3,21,87
26,20,20,55,0,3,19,84
26,20,25,55,0,3,19,87
26,20,30,54,0,3,19,91
26,20,35,53,0,3,19,93
26,20,40,53,0,3,16,91
26,20,45,49,0,3,17,84
26,20,50,46,0,3,8,85
26,20,55,37,0,3,7,85
26,21,0,32,0,3,7,84
26,21,5,28,0,3,6,82
26,21,10,27,0,3,6,83
26,21,15,21,0,3,6,83
26,21,20,5,0,3,6,87
26,21,25,5,0,3,6,86
26,21,30,5,0,3,6,83
26,21,35,5,0,3,6,83
26,21,40,5,0,3,6,79
26,21,45,5,0,3,6,76
26,21,50,5,0,3,6,73
26,21,55,5,0,3,6,60
26,22,0,5,0,3,6,50
27,7,0,0,0,0,0,1
27,7,5,0,0,0,0,5
27,7,10,0,0,0,0,8
27,7,15,0,0,0,0,9
27,7,20,0,0,0,0,9
27,7,25,0,0,0,0,11
27,7,30,0,0,0,0,14
27,7,35,4,0,0,0,15
27,7,40,4,0,0,0,18
27,7,45,5,0,0,0,20
27,7,50,5,0,0,0,21
27,7,55,6,0,0,0,22
27,8,0,6,0,0,0,23
27,8,5,6,0,0,0,22
27,8,10,6,0,0,0,26
27,8,15,7,0,0,0,26
27,8,20,8,0,0,0,25
27,8,25,7,0,0,0,27
27,8,30,7,0,0,0,23
27,8,35,7,0,0,0,20
27,8,40,7,0,0,0,22
27,8,45,7,0,0,0,21
27,8,50,6,0,0,0,23
27,8,55,4,0,0,0,24
27,9,0,3,0,0,0,25
27,9,5,3,1,0,0,25
27,9,10,2,1,0,2,25
27,9,15,3,1,0,4,24
27,9,20,3,1,0,4,26
27,9,25,3,1,0,4,27
27,9,30,5,1,0,4,25
27,9,35,5,1,0,4,25
27,9,40,5,1,0,4,24
27,9,45,5,1,0,4,23
27,9,50,5,1,0,4,23
27,9,55,6,1,0,5,26
27,10,0,7,1,0,7,26
27,10,5,7,1,0,8,24
27,10,10,8,1,0,8,27
27,10,15,9,1,0,9,29
27,10,20,9,1,0,10,29
27,10,25,11,1,0,10,32
27,10,30,11,1,0,11,31
27,10,35,12,1,0,11,31
27,10,40,12,1,0,11,35
27,10,45,11,1,0,9,33
27,10,50,11,1,0,10,35
27,10,55,11,1,0,10,34
27,11,0,13,1,0,7,36
27,11,5,13,1,1,7,36
27,11,10,14,1,2,6,41
27,11,15,14,1,7,7,43
27,11,20,15,1,7,7,47
27,11,25,15,1,8,7,50
27,11,30,16,1,8,7,51
27,11,35,14,1,11,6,50
27,11,40,14,1,11,6,51
27,11,45,12,1,13,9,48
27,11,50,12,1,15,9,47
27,11,55,10,1,15,8,44
27,12,0,9,1,14,8,44
27,12,5,9,1,15,9,44
27,12,10,10,1,16,7,46
27,12,15,10,1,16,7,45
27,12,20,10,1,15,7,43
27,12,25,11,1,13,7,42
27,12,30,11,1,10,7,42
27,12,35,11,1,9,7,39
27,12,40,13,1,6,6,34
27,12,45,13,1,6,8,33
27,12,50,12,1,6,8,35
27,12,55,13,1,5,5,36
27,13,0,13,1,7,6,37
27,13,5,13,1,8,7,36
27,13,10,10,1,7,6,37
27,13,15,10,1,7,7,34
27,13,20,10,1,8,9,36
27,13,25,11,1,9,11,35
27,13,30,10,1,12,10,35
27,13,35,10,1,12,9,37
27,13,40,10,1,11,10,35
27,13,45,10,1,10,11,35
27,13,50,11,1,10,11,34
27,13,55,10,1,7,10,37
27,14,0,9,1,7,9,35
27,14,5,10,1,8,7,35
27,14,10,12,1,8,7,34
27,14,15,11,1,8,7,34
27,14,20,11,1,8,7,36
27,14,25,11,1,7,7,35
27,14,30,11,1,6,5,35
27,14,35,11,1,5,5,38
27,14,40,11,1,6,5,36
27,14,45,11,1,6,4,38
27,14,50,12,1,3,3,42
27,14,55,11,1,3,2,43
27,15,0,12,1,4,2,46
27,15,5,18,1,5,2,47
27,15,10,18,1,5,2,50
27,15,15,22,1,5,2,52
27,15,20,25,1,7,6,54
27,15,25,25,1,9,7,56
27,15,30,26,1,15,7,58
27,15,35,27,1,12,10,60
27,15,40,28,1,12,10,58
27,15,45,29,1,14,11,58
27,15,50,29,1,14,12,58
27,15,55,30,1,14,12,56
27,16,0,31,1,17,12,57
27,16,5,31,1,16,11,55
27,16,10,32,1,17,10,57
27,16,15,34,1,18,9,59
27,16,20,36,1,15,10,59
27,16,25,35,1,15,11,59
27,16,30,36,1,17,11,61
27,16,35,39,1,15,12,57
27,16,40,41,1,15,12,57
27,16,45,42,1,14,11,58
27,16,50,47,1,14,11,56
27,16,55,47,1,16,14,55
27,17,0,42,1,19,13,56
27,17,5,47,1,19,13,58
27,17,10,47,1,19,13,59
27,17,15,46,1,19,12,58
27,17,20,42,1,15,11,58
27,17,25,42,1,16,11,65
27,17,30,43,1,21,14,67
27,17,35,47,1,22,16,68
27,17,40,44,1,20,17,66
27,17,45,42,1,21,15,68
27,17,50,47,1,18,16,68
27,17,55,47,1,18,15,67
27,18,0,46,1,18,16,67
27,18,5,51,1,16,16,69
27,18,10,55,1,16,15,72
27,18,15,57,1,15,17,68
27,18,20,61,2,15,18,64
27,18,25,64,2,15,18,71
27,18,30,62,2,13,17,73
27,18,35,59,2,13,17,74
27,18,40,53,2,13,17,79
27,18,45,53,2,9,17,81
27,18,50,52,2,8,17,83
27,18,55,53,2,10,18,84
27,19,0,48,2,7,18,84
27,19,5,48,2,6,18,87
27,19,10,48,2,7,21,87
27,19,15,47,2,5,19,87
27,19,20,47,2,5,20,84
27,19,25,44,2,6,21,82
27,19,30,46,2,6,19,84
27,19,35,39,2,5,18,83
27,19,40,38,2,4,15,88
27,19,45,37,2,4,15,83
27,19,50,33,2,4,13,85
27,19,55,33,2,4,13,82
27,20,0,37,2,2,12,80
27,20,5,33,2,0,12,78
27,20,10,33,2,0,11,79
27,20,15,31,2,0,11,83
27,20,20,31,2,0,12,87
27,20,25,31,2,0,12,84
27,20,30,34,2,0,13,81
27,20,35,31,2,0,12,81
27,20,40,31,2,0,11,84
27,20,45,31,2,0,11,80
27,20,50,29,2,0,9,78
27,20,55,26,2,0,7,76
27,21,0,22,2,0,4,78
27,21,5,13,2,0,4,71
27,21,10,11,2,0,4,69
27,21,15,10,2,0,4,70
27,21,20,10,2,0,4,69
27,21,25,10,2,0,4,70
27,21,30,10,2,0,4,67
27,21,35,10,2,0,4,67
27,21,40,10,2,0,4,63
27,21,45,10,2,0,4,60
27,21,50,10,2,0,4,58
27,21,55,10,2,0,4,54
27,22,0,10,2,0,4,51
28,7,0,0,0,0,0,0
28,7,5,0,0,0,0,4
28,7,10,0,0,0,0,6
28,7,15,0,0,0,0,6
28,7,20,0,0,0,0,9
28,7,25,0,0,0,0,11
28,7,30,0,0,0,0,12
28,7,35,0,0,0,0,12
28,7,40,0,0,0,0,12
28,7,45,0,0,0,0,12
28,7,50,0,0,0,0,12
28,7,55,0,0,0,0,12
28,8,0,0,0,0,0,14
28,8,5,0,0,0,0,15
28,8,10,0,0,0,0,16
28,8,15,0,0,0,0,18
28,8,20,0,0,0,0,18
28,8,25,0,0,0,0,18
28,8,30,0,0,0,0,19
28,8,35,0,0,0,0,19
28,8,40,0,0,0,0,21
28,8,45,0,0,0,0,20
28,8,50,0,0,0,0,19
28,8,55,1,0,0,0,15
28,9,0,8,0,0,0,17
28,9,5,9,0,0,1,17
28,9,10,13,0,0,2,17
28,9,15,17,0,0,3,17
28,9,20,18,0,0,4,18
28,9,25,20,0,0,4,21
28,9,30,24,0,0,4,19
28,9,35,25,0,0,4,19
28,9,40,24,0,0,5,17
28,9,45,25,0,0,7,18
28,9,50,24,0,0,7,18
28,9,55,25,0,0,7,19
28,10,0,26,0,0,7,20
28,10,5,25,0,0,6,21
28,10,10,26,0,0,4,24
28,10,15,26,0,0,4,24
28,10,20,26,0,0,4,26
28,10,25,25,0,0,4,28
28,10,30,26,0,0,4,25
28,10,35,24,0,0,4,30
28,10,40,22,0,0,4,30
28,10,45,21,0,0,4,29
28,10,50,21,0,0,4,31
28,10,55,18,0,0,4,31
28,11,0,18,0,0,5,30
28,11,5,19,0,0,5,31
28,11,10,19,0,0,6,30
28,11,15,18,0,0,7,31
28,11,20,17,0,0,7,34
28,11,25,17,0,0,5,39
28,11,30,14,0,0,5,38
28,11,35,14,0,0,5,37
28,11,40,12,0,0,3,37
28,11,45,12,0,0,4,34
28,11,50,10,0,0,4,34
28,11,55,5,0,0,4,31
28,12,0,4,0,0,3,31
28,12,5,3,0,0,1,31
28,12,10,3,0,0,1,31
28,12,15,3,0,0,2,31
28,12,20,3,0,0,2,38
28,12,25,3,0,0,2,39
28,12,30,3,0,0,2,37
28,12,35,2,0,0,1,37
28,12,40,3,0,0,1,38
28,12,45,3,0,0,1,41
28,12,50,4,0,0,1,41
28,12,55,3,0,0,1,43
28,13,0,3,0,0,2,46
28,13,5,2,0,0,2,45
28,13,10,2,0,0,2,45
28,13,15,2,0,0,3,46
28,13,20,5,0,0,3,44
28,13,25,8,0,0,5,46
28,13,30,12,0,0,7,48
28,13,35,13,0,0,12,48
28,13,40,13,0,0,12,50
28,13,45,13,0,0,13,47
28,13,50,13,0,0,15,48
28,13,55,14,0,0,15,47
28,14,0,14,0,0,15,48
28,14,5,14,0,0,15,50
28,14,10,15,0,0,13,50
28,14,15,15,0,0,13,49
28,14,20,17,0,0,15,51
28,14,25,20,0,0,14,52
28,14,30,21,0,0,13,51
28,14,35,18,0,0,12,54
28,14,40,18,0,0,11,51
28,14,45,19,0,0,11,51
28,14,50,18,0,0,11,52
28,14,55,18,0,0,13,53
28,15,0,19,0,0,13,53
28,15,5,19,0,0,4,52
28,15,10,20,0,0,3,55
28,15,15,22,0,0,2,54
28,15,20,20,0,0,4,54
28,15,25,19,0,0,4,51
28,15,30,19,0,0,4,52
28,15,35,21,0,0,5,55
28,15,40,21,0,0,5,59
28,15,45,23,0,0,7,59
28,15,50,23,0,0,8,60
28,15,55,23,0,0,9,60
28,16,0,23,0,0,10,63
28,16,5,22,0,0,10,62
28,16,10,27,0,0,9,66
28,16,15,35,0,0,11,68
28,16,20,39,0,0,12,67
28,16,25,37,0,0,13,66
28,16,30,36,0,0,15,65
28,16,35,37,0,0,16,63
28,16,40,35,0,0,14,62
28,16,45,35,0,0,13,61
28,16,50,36,0,0,13,64
28,16,55,35,0,0,15,68
28,17,0,35,0,0,14,68
28,17,5,34,0,0,15,66
28,17,10,29,0,0,15,68
28,17,15,28,0,0,15,68
28,17,20,34,0,0,14,70
28,17,25,37,0,0,17,70
28,17,30,39,0,0,18,72
28,17,35,44,0,0,17,73
28,17,40,47,0,0,16,72
28,17,45,50,0,0,19,72
28,17,50,52,0,0,17,69
28,17,55,53,0,0,16,69
28,18,0,55,0,0,15,70
28,18,5,57,0,0,14,67
28,18,10,55,0,0,15,74
28,18,15,54,0,0,14,72
28,18,20,50,0,0,14,75
28,18,25,49,0,0,13,72
28,18,30,47,0,0,13,74
28,18,35,47,0,0,12,72
28,18,40,46,0,0,12,79
28,18,45,44,0,0,13,78
28,18,50,41,0,0,12,79
28,18,55,36,0,0,7,78
28,19,0,29,0,0,5,74
28,19,5,20,0,0,2,74
28,19,10,18,0,0,2,74
28,19,15,12,0,0,2,74
28,19,20,6,0,0,2,72
28,19,25,6,0,0,2,73
28,19,30,6,0,0,2,69
28,19,35,6,0,0,2,65
28,19,40,6,0,0,2,65
28,19,45,6,0,0,2,67
28,19,50,6,0,0,2,70
28,19,55,6,0,0,2,67
28,20,0,6,0,0,2,64
28,20,5,6,0,0,2,62
28,20,10,6,0,0,2,61
28,20,15,6,0,0,2,63
28,20,20,6,0,0,2,67
28,20,25,6,0,0,2,69
28,20,30,6,0,0,2,68
28,20,35,6,0,0,2,66
28,20,40,6,0,0,2,65
28,20,45,6,0,0,2,65
28,20,50,6,0,0,2,70
28,20,55,6,0,0,2,75
28,21,0,6,0,0,2,77
28,21,5,6,0,0,2,80
28,21,10,6,0,0,2,78
28,21,15,6,0,0,2,78
28,21,20,6,0,0,2,77
28,21,25,6,0,0,2,75
28,21,30,6,0,0,2,73
28,21,35,6,0,0,2,71
28,21,40,6,0,0,2,71
28,21,45,6,0,0,2,70
28,21,50,6,0,0,2,69
28,21,55,6,0,0,2,65
28,22,0,6,0,0,2,56
29,7,0,0,0,0,0,0
29,7,5,0,0,0,0,2
29,7,10,0,0,0,0,2
29,7,15,0,0,0,0,2
29,7,20,0,0,0,0,2
29,7,25,0,0,0,0,4
29,7,30,0,0,0,0,6
29,7,35,0,0,0,0,6
29,7,40,0,0,0,0,7
29,7,45,0,0,0,0,8
29,7,50,0,0,0,0,9
29,7,55,0,0,0,0,10
29,8,0,0,0,0,0,11
29,8,5,0,0,0,0,12
29,8,10,0,0,0,0,12
29,8,15,0,0,0,0,12
29,8,20,0,0,0,0,13
29,8,25,0,0,0,0,14
29,8,30,0,0,0,0,14
29,8,35,0,0,0,0,17
29,8,40,0,0,0,0,15
29,8,45,0,0,0,0,16
29,8,50,0,0,0,0,15
29,8,55,0,0,0,0,14
29,9,0,0,0,0,0,13
29,9,5,1,0,0,0,14
29,9,10,1,0,0,0,15
29,9,15,1,0,0,0,17
29,9,20,1,0,0,0,18
29,9,25,1,0,0,1,18
29,9,30,1,0,0,1,23
29,9,35,3,0,0,1,24
29,9,40,3,0,0,1,23
29,9,45,3,0,0,1,23
29,9,50,3,0,0,2,24
29,9,55,2,0,0,2,24
29,10,0,2,0,0,2,23
29,10,5,2,0,0,1,24
29,10,10,2,0,0,1,22
29,10,15,3,0,0,1,22
29,10,20,3,0,0,1,24
29,10,25,4,0,0,1,23
29,10,30,4,0,0,1,23
29,10,35,5,0,0,1,24
29,10,40,6,0,0,2,22
29,10,45,7,0,0,3,22
29,10,50,7,0,0,3,23
29,10,55,7,0,0,4,23
29,11,0,7,0,0,4,20
29,11,5,7,0,0,4,15
29,11,10,8,0,0,2,17
29,11,15,8,0,0,2,18
29,11,20,7,0,0,3,19
29,11,25,7,0,0,5,20
29,11,30,7,0,0,6,23
29,11,35,7,0,0,6,21
29,11,40,7,0,0,5,21
29,11,45,7,0,0,5,23
29,11,50,6,0,0,5,23
29,11,55,5,0,0,4,23
29,12,0,5,0,0,4,24
29,12,5,5,0,0,5,26
29,12,10,5,0,0,5,24
29,12,15,1,0,0,5,24
29,12,20,1,0,0,4,21
29,12,25,0,0,0,4,23
29,12,30,0,0,0,2,23
29,12,35,1,0,0,1,22
29,12,40,1,0,0,1,18
29,12,45,2,0,0,0,20
29,12,50,2,0,0,1,18
29,12,55,2,0,0,3,17
29,13,0,3,0,0,3,18
29,13,5,3,0,0,3,19
29,13,10,3,0,0,3,19
29,13,15,4,0,0,3,22
29,13,20,4,0,0,3,19
29,13,25,4,0,0,3,19
29,13,30,3,0,0,4,18
29,13,35,3,0,0,4,20
29,13,40,3,0,0,5,19
29,13,45,3,0,0,5,18
29,13,50,2,0,0,7,20
29,13,55,2,0,0,7,20
29,14,0,3,0,0,7,21
29,14,5,3,0,0,8,20
29,14,10,5,0,0,8,19
29,14,15,6,0,0,7,18
29,14,20,9,0,0,7,18
29,14,25,8,0,0,6,20
29,14,30,8,0,0,5,18
29,14,35,9,0,0,4,16
29,14,40,9,0,0,3,17
29,14,45,12,0,0,4,22
29,14,50,13,0,0,4,25
29,14,55,15,0,0,4,26
29,15,0,14,0,0,4,25
29,15,5,14,0,0,6,28
29,15,10,14,0,0,6,29
29,15,15,14,0,0,6,28
29,15,20,16,0,0,7,28
29,15,25,15,0,0,8,27
29,15,30,14,0,0,10,28
29,15,35,15,0,0,10,31
29,15,40,10,0,0,10,29
29,15,45,14,0,0,12,33
29,15,50,15,0,0,11,30
29,15,55,18,1,0,9,31
29,16,0,20,1,0,8,31
29,16,5,20,1,0,8,37
29,16,10,23,1,0,8,38
29,16,15,24,1,0,9,36
29,16,20,24,1,0,10,37
29,16,25,23,1,0,10,38
29,16,30,22,1,0,10,40
29,16,35,22,1,0,9,40
29,16,40,23,1,0,9,41
29,16,45,36,1,0,9,44
29,16,50,43,1,0,11,46
29,16,55,43,1,0,11,48
29,17,0,42,1,0,13,53
29,17,5,43,1,0,13,55
29,17,10,47,1,0,13,56
29,17,15,47,1,0,13,61
29,17,20,49,1,0,14,56
29,17,25,51,1,0,14,54
29,17,30,55,1,0,13,51
29,17,35,54,1,0,13,51
29,17,40,57,1,0,14,49
29,17,45,57,1,0,16,49
29,17,50,56,1,0,17,44
29,17,55,55,1,0,17,46
29,18,0,53,1,0,18,47
29,18,5,55,1,0,13,45
29,18,10,51,1,0,12,44
29,18,15,45,1,0,12,42
29,18,20,42,1,0,12,39
29,18,25,40,1,0,8,40
29,18,30,33,1,0,5,41
29,18,35,30,1,0,5,39
29,18,40,20,1,0,4,40
29,18,45,17,1,0,5,39
29,18,50,16,1,0,4,43
29,18,55,13,1,0,4,42
29,19,0,11,1,0,2,46
29,19,5,10,1,0,1,46
29,19,10,10,1,0,1,48
29,19,15,10,1,0,1,46
29,19,20,10,1,0,1,46
29,19,25,10,1,0,1,45
29,19,30,10,1,0,1,43
29,19,35,10,1,0,1,47
29,19,40,10,1,0,1,48
29,19,45,10,1,0,1,45
29,19,50,10,1,0,1,43
29,19,55,10,1,0,1,42
29,20,0,10,1,0,1,41
29,20,5,10,1,0,1,43
29,20,10,10,1,0,1,45
29,20,15,10,1,0,1,46
29,20,20,10,1,0,1,46
29,20,25,10,1,0,1,48
29,20,30,10,1,0,1,51
29,20,35,10,1,0,1,47
29,20,40,10,1,0,1,47
29,20,45,10,1,0,1,49
29,20,50,10,1,0,1,56
29,20,55,10,1,0,1,58
29,21,0,10,1,0,1,58
29,21,5,10,1,0,1,55
29,21,10,10,1,0,1,50
29,21,15,10,1,0,1,50
29,21,20,10,1,0,1,50
29,21,25,10,1,0,1,46
29,21,30,10,1,0,1,45
29,21,35,10,1,0,1,44
29,21,40,10,1,0,1,42
29,21,45,10,1,0,1,39
29,21,50,10,1,0,1,38
29,21,55,10,1,0,1,36
29,22,0,10,1,0,1,25
29,23,0,10,1,0,1,25
30,7,0,0,0,0,0,1
30,7,5,0,0,0,0,11
30,7,10,0,0,0,0,13
30,7,15,0,0,0,0,15
30,7,20,0,0,0,0,17
30,7,25,0,0,0,0,17
30,7,30,1,0,0,0,18
30,7,35,3,0,0,0,18
30,7,40,3,0,0,0,21
30,7,45,3,0,0,0,22
30,7,50,4,0,0,0,22
30,7,55,5,0,0,0,24
30,8,0,5,0,0,0,23
30,8,5,6,0,0,0,22
30,8,10,6,0,0,0,23
30,8,15,8,0,0,0,27
30,8,20,9,0,0,0,25
30,8,25,9,0,0,0,25
30,8,30,7,0,0,0,30
30,8,35,7,0,0,0,29
30,8,40,8,0,0,0,29
30,8,45,7,0,0,0,29
30,8,50,5,0,0,0,28
30,8,55,5,0,0,0,29
30,9,0,5,0,0,0,26
30,9,5,6,0,0,7,21
30,9,10,6,0,0,7,22
30,9,15,6,0,0,8,21
30,9,20,5,0,0,9,21
30,9,25,6,0,0,10,21
30,9,30,6,0,0,9,20
30,9,35,5,0,0,9,19
30,9,40,3,0,0,10,22
30,9,45,3,0,0,11,19
30,9,50,2,0,0,10,19
30,9,55,3,0,0,8,19
30,10,0,4,0,0,8,18
30,10,5,4,0,0,7,18
30,10,10,5,0,0,5,19
30,10,15,6,0,0,3,18
30,10,20,6,0,0,2,21
30,10,25,6,0,0,3,23
30,10,30,7,0,0,4,27
30,10,35,7,0,0,6,26
30,10,40,7,0,0,6,27
30,10,45,7,0,0,5,28
30,10,50,7,0,0,8,26
30,10,55,8,0,0,8,25
30,11,0,7,0,0,8,27
30,11,5,7,0,5,9,25
30,11,10,7,0,11,10,26
30,11,15,7,0,13,10,27
30,11,20,7,0,18,11,23
30,11,25,5,0,20,12,24
30,11,30,6,0,21,12,26
30,11,35,5,0,23,12,30
30,11,40,6,0,24,13,32
30,11,45,6,0,28,14,31
30,11,50,8,0,28,12,31
30,11,55,8,0,27,13,34
30,12,0,8,0,27,13,35
30,12,5,8,0,26,13,38
30,12,10,7,0,26,11,36
30,12,15,7,0,25,8,37
30,12,20,7,0,21,8,36
30,12,25,10,0,20,9,35
30,12,30,10,0,17,9,39
30,12,35,11,0,17,8,41
30,12,40,11,0,15,9,41
30,12,45,11,0,14,9,39
30,12,50,13,0,11,8,40
30,12,55,14,0,10,9,40
30,13,0,13,0,8,8,40
30,13,5,10,0,7,8,38
30,13,10,10,0,7,8,39
30,13,15,8,0,8,8,36
30,13,20,6,0,9,7,37
30,13,25,6,0,8,9,39
30,13,30,6,0,5,9,39
30,13,35,6,0,5,9,39
30,13,40,5,0,7,8,38
30,13,45,3,0,6,10,40
30,13,50,3,0,6,11,39
30,13,55,3,0,7,12,37
30,14,0,3,0,11,15,36
30,14,5,3,0,12,15,33
30,14,10,3,0,11,12,34
30,14,15,3,0,14,12,33
30,14,20,5,0,16,12,35
30,14,25,5,0,15,14,35
30,14,30,4,0,14,16,33
30,14,35,4,0,20,18,34
30,14,40,5,0,20,18,36
30,14,45,5,0,20,18,37
30,14,50,6,0,18,18,35
30,14,55,7,0,18,18,34
30,15,0,7,0,17,14,34
30,15,5,7,0,19,16,36
30,15,10,7,0,21,16,40
30,15,15,8,0,20,15,44
30,15,20,8,0,20,12,43
30,15,25,8,1,21,12,43
30,15,30,10,1,22,14,43
30,15,35,10,1,20,15,47
30,15,40,10,1,18,16,47
30,15,45,12,1,20,18,49
30,15,50,13,1,18,19,55
30,15,55,16,1,19,20,54
30,16,0,19,1,19,19,55
30,16,5,19,1,19,21,65
30,16,10,21,1,18,22,68
30,16,15,23,1,18,22,69
30,16,20,31,1,22,24,70
30,16,25,34,1,22,22,71
30,16,30,35,1,20,21,70
30,16,35,31,1,20,22,71
30,16,40,36,1,17,19,76
30,16,45,36,1,20,18,76
30,16,50,37,1,20,19,76
30,16,55,35,1,22,20,74
30,17,0,46,1,25,20,76
30,17,5,52,1,27,19,74
30,17,10,51,1,23,18,75
30,17,15,60,1,20,18,71
30,17,20,60,1,22,12,67
30,17,25,61,1,22,13,68
30,17,30,61,1,23,17,64
30,17,35,61,1,28,18,64
30,17,40,60,1,32,19,67
30,17,45,53,1,35,19,74
30,17,50,53,1,36,20,75
30,17,55,51,1,35,21,72
30,18,0,51,1,35,21,70
30,18,5,51,1,39,24,74
30,18,10,49,1,41,24,77
30,18,15,45,1,38,26,79
30,18,20,40,1,36,26,82
30,18,25,39,1,39,27,82
30,18,30,38,1,42,31,83
30,18,35,37,1,42,38,87
30,18,40,37,1,41,37,89
30,18,45,37,1,42,38,86
30,18,50,38,1,38,40,86
30,18,55,36,1,37,34,89
30,19,0,39,1,33,34,87
30,19,5,42,1,35,35,86
30,19,10,43,1,37,36,87
30,19,15,34,1,35,33,86
30,19,20,33,1,33,33,87
30,19,25,34,1,33,33,85
30,19,30,34,1,28,31,87
30,19,35,35,1,27,31,84
30,19,40,34,1,23,33,79
30,19,45,39,1,17,30,79
30,19,50,40,1,14,30,81
30,19,55,39,1,11,27,76
30,20,0,41,1,5,24,78
30,20,5,44,1,4,18,75
30,20,10,46,1,4,17,73
30,20,15,45,1,4,17,72
30,20,20,44,1,4,15,76
30,20,25,45,1,4,14,76
30,20,30,44,1,4,15,81
30,20,35,42,1,4,15,78
30,20,40,42,1,4,14,78
30,20,45,42,1,4,13,75
30,20,50,40,1,4,11,77
30,20,55,38,1,4,10,75
30,21,0,27,1,4,8,77
1,7,0,0,0,0,0,0
1,7,5,0,0,0,0,7
1,7,10,0,0,0,0,15
1,7,15,0,0,0,0,18
1,7,20,0,0,0,0,22
1,7,25,0,0,0,0,23
1,7,30,1,0,0,0,24
1,7,35,3,0,0,0,26
1,7,40,5,0,0,0,28
1,7,45,5,0,0,0,28
1,7,50,9,0,0,0,28
1,7,55,10,0,0,0,31
1,8,0,12,0,0,0,31
1,8,5,12,0,0,0,32
1,8,10,12,0,0,0,36
1,8,15,12,0,0,0,38
1,8,20,13,0,0,0,40
1,8,25,11,0,0,0,38
1,8,30,12,0,0,0,40
1,8,35,11,0,0,0,34
1,8,40,11,0,0,0,33
1,8,45,10,0,0,0,34
1,8,50,10,0,0,0,33
1,8,55,11,0,0,0,32
1,9,0,9,0,0,1,29
1,9,5,9,0,0,3,27
1,9,10,7,0,0,5,25
1,9,15,6,0,0,6,23
1,9,20,6,0,0,8,24
1,9,25,6,0,0,8,24
1,9,30,5,0,0,11,27
1,9,35,6,0,0,13,28
1,9,40,6,0,0,12,32
1,9,45,5,0,0,11,34
1,9,50,6,0,0,12,35
1,9,55,6,0,0,12,38
1,10,0,7,0,0,12,37
1,10,5,5,0,0,14,37
1,10,10,5,0,0,15,37
1,10,15,7,0,0,15,39
1,10,20,4,0,0,14,36
1,10,25,3,0,0,13,42
1,10,30,4,0,0,13,43
1,10,35,5,0,0,14,45
1,10,40,5,0,0,14,45
1,10,45,6,0,0,12,42
1,10,50,6,0,0,14,40
1,10,55,6,0,0,16,38
1,11,0,6,0,0,16,39
1,11,5,5,0,14,16,40
1,11,10,4,0,17,14,42
1,11,15,3,0,19,10,37
1,11,20,3,0,23,11,35
1,11,25,3,0,23,11,35
1,11,30,3,0,24,11,36
1,11,35,4,0,24,12,38
1,11,40,4,0,24,12,41
1,11,45,5,0,26,9,39
1,11,50,5,0,26,10,37
1,11,55,6,0,25,12,37
1,12,0,7,0,27,13,37
1,12,5,6,0,27,12,38
1,12,10,8,0,26,11,39
1,12,15,8,0,26,12,39
1,12,20,9,0,19,11,40
1,12,25,8,0,21,14,42
1,12,30,8,0,21,14,38
1,12,35,8,0,19,14,35
1,12,40,7,0,17,13,34
1,12,45,5,0,16,13,35
1,12,50,4,0,17,12,35
1,12,55,4,0,16,9,34
1,13,0,4,0,12,7,35
1,13,5,4,0,11,8,28
1,13,10,4,0,6,11,26
1,13,15,5,0,6,12,25
1,13,20,4,0,7,9,28
1,13,25,4,0,7,8,29
1,13,30,3,0,7,9,27
1,13,35,2,0,7,8,23
1,13,40,2,0,6,8,26
1,13,45,2,0,6,10,25
1,13,50,2,0,6,10,28
1,13,55,2,0,6,10,25
1,14,0,2,0,7,9,25
1,14,5,2,0,8,9,24
1,14,10,1,0,9,8,24
1,14,15,1,0,12,10,30
1,14,20,1,0,10,10,34
1,14,25,1,0,10,8,40
1,14,30,1,0,9,7,41
1,14,35,4,0,9,5,42
1,14,40,6,0,9,5,44
1,14,45,8,0,9,6,45
1,14,50,10,0,7,6,46
1,14,55,13,0,7,6,50
1,15,0,13,0,7,5,47
1,15,5,14,0,8,6,50
1,15,10,17,0,10,7,50
1,15,15,18,0,11,7,53
1,15,20,18,0,16,10,59
1,15,25,18,0,16,11,61
1,15,30,21,0,17,11,58
1,15,35,23,0,17,12,55
1,15,40,23,0,13,13,50
1,15,45,24,0,13,12,48
1,15,50,23,0,14,12,49
1,15,55,23,0,15,12,47
1,16,0,22,0,17,14,50
1,16,5,28,0,19,12,54
1,16,10,27,0,18,13,60
1,16,15,27,0,26,16,62
1,16,20,29,0,24,16,65
1,16,25,31,0,29,16,65
1,16,30,31,0,31,17,70
1,16,35,31,0,30,19,70
1,16,40,31,0,30,21,68
1,16,45,32,0,30,20,71
1,16,50,35,0,30,19,70
1,16,55,37,0,30,20,73
1,17,0,37,0,29,22,71
1,17,5,37,0,31,21,71
1,17,10,38,0,32,22,75
1,17,15,41,0,35,25,73
1,17,20,45,0,35,26,73
1,17,25,50,0,34,27,74
1,17,30,50,0,34,21,86
1,17,35,52,0,36,23,85
2,7,0,0,0,0,0,0
2,7,5,0,0,0,0,9
2,7,10,0,0,0,0,11
2,7,15,0,0,0,0,11
2,7,20,0,0,0,0,14
2,7,25,0,0,0,0,16
2,7,30,2,0,0,0,17
2,7,35,5,0,0,0,21
2,7,40,8,0,0,0,23
2,7,45,8,0,0,0,25
2,7,50,8,0,0,0,29
2,7,55,8,0,0,0,30
2,8,0,8,0,0,0,31
2,8,5,9,0,0,0,28
2,8,10,9,0,0,0,33
2,8,15,8,0,0,0,36
2,8,20,8,0,0,0,38
2,8,25,9,0,0,0,40
2,8,30,9,0,0,0,39
2,8,35,8,0,0,0,37
2,8,40,8,0,0,0,36
2,8,45,10,0,0,0,35
2,8,50,10,0,0,0,36
2,8,55,10,0,0,0,35
2,9,0,10,0,0,0,33
2,9,5,10,0,0,4,31
2,9,10,9,0,0,6,29
2,9,15,9,0,0,7,26
2,9,20,8,0,0,9,25
2,9,25,7,0,0,9,28
2,9,30,6,0,0,9,28
2,9,35,6,0,0,10,29
2,9,40,4,0,0,10,26
2,9,45,6,0,0,10,25
2,9,50,6,0,0,12,24
2,9,55,6,0,0,13,23
2,10,0,5,0,0,14,26
2,10,5,5,0,0,13,28
2,10,10,5,0,0,12,30
2,10,15,5,0,0,11,28
2,10,20,5,0,0,12,27
2,10,25,9,0,0,12,29
2,10,30,9,0,0,10,31
2,10,35,10,0,0,11,33
2,10,40,11,0,0,11,34
2,10,45,11,0,0,12,38
2,10,50,11,0,0,14,38
2,10,55,11,0,0,17,42
2,11,0,12,0,0,18,42
2,11,5,12,0,8,17,48
2,11,10,12,0,9,17,41
2,11,15,11,0,10,15,40
2,11,20,9,0,10,16,40
2,11,25,9,0,12,16,38
2,11,30,7,0,15,16,38
2,11,35,5,0,16,16,45
2,11,40,6,0,16,15,43
2,11,45,7,0,18,15,46
2,11,50,8,0,20,17,48
2,11,55,10,0,20,17,48
2,12,0,11,0,20,17,50
2,12,5,12,0,21,17,51
2,12,10,12,0,17,19,52
2,12,15,13,0,15,21,54
2,12,20,14,0,15,19,55
2,12,25,15,0,13,19,58
2,12,30,14,0,12,20,55
2,12,35,12,0,13,19,50
2,12,40,12,0,13,16,51
2,12,45,10,0,13,17,50
2,12,50,11,0,11,16,49
2,12,55,11,0,11,17,52
2,13,0,9,0,11,17,54
2,13,5,7,0,12,18,50
2,13,10,6,0,9,18,49
2,13,15,6,0,9,18,49
2,13,20,6,0,8,18,50
2,13,25,6,0,13,18,53
2,13,30,7,0,14,18,55
2,13,35,7,0,17,18,52
2,13,40,4,0,15,14,54
2,13,45,5,0,14,17,53
2,13,50,8,0,14,16,52
2,13,55,6,0,17,14,57
2,14,0,7,0,17,13,61
2,14,5,11,0,16,12,62
2,14,10,11,0,15,15,63
2,14,15,11,0,20,15,64
2,14,20,10,0,20,15,66
2,14,25,8,0,22,17,65
2,14,30,9,0,23,16,69
2,14,35,12,0,23,17,73
2,14,40,12,0,19,21,70
2,14,45,12,0,19,23,70
2,14,50,13,0,20,24,70
2,14,55,13,0,19,24,70
2,15,0,15,0,16,20,78
2,15,5,17,0,16,21,78
2,15,10,22,0,14,22,78
2,15,15,24,0,16,19,80
2,15,20,25,0,16,19,81
2,15,25,25,0,18,20,80
2,15,30,25,0,17,20,80
2,15,35,27,0,18,21,79
2,15,40,25,0,17,23,83
2,15,45,27,0,19,21,85
2,15,50,29,0,20,20,82
2,15,55,30,0,18,20,89
2,16,0,30,0,20,20,100
2,16,5,32,0,20,22,98
2,16,10,37,0,21,20,105
2,16,15,36,0,21,19,107
2,16,20,38,0,20,21,104
2,16,25,44,0,25,21,101
2,16,30,51,0,27,21,96
2,16,35,56,0,27,22,99
2,16,40,59,0,25,26,101
2,16,45,67,0,26,26,97
2,16,50,77,0,25,24,95
2,16,55,81,0,26,24,90
2,17,0,85,0,29,23,87
2,17,5,91,0,30,23,86
2,17,10,79,0,33,22,88
2,17,15,77,0,36,25,88
2,17,20,73,0,32,27,80
2,17,25,79,0,34,24,80
2,17,30,82,0,36,26,81
2,17,35,80,0,39,25,75
2,17,40,78,0,37,27,78
2,17,45,70,0,32,26,80
2,17,50,72,0,35,23,83
2,17,55,71,0,33,21,83
2,18,0,68,0,29,22,81
2,18,5,69,0,31,22,86
2,18,10,64,0,35,22,87
2,18,15,61,0,36,23,93
2,18,20,58,0,39,28,96
2,18,25,60,0,35,26,98
2,18,30,63,0,35,21,99
2,18,35,65,0,32,21,102
2,18,40,63,0,30,21,95
2,18,45,62,0,29,20,92
2,18,50,63,0,32,22,95
2,18,55,67,0,33,24,94
2,19,0,68,0,29,25,92
2,19,5,72,0,28,26,92
2,19,10,66,0,28,26,94
2,19,15,55,0,29,25,95
2,19,20,53,0,26,24,93
2,19,25,52,0,26,25,89
2,19,30,57,0,26,23,90
2,19,35,56,0,23,23,88
2,19,40,54,0,23,27,86
2,19,45,53,0,20,28,81
2,19,50,48,0,20,29,81
2,19,55,44,0,20,28,79
2,20,0,43,0,8,32,78
2,20,5,46,0,3,27,81
2,20,10,47,0,2,24,84
2,20,15,46,0,2,25,90
2,20,20,45,0,2,23,97
2,20,25,43,0,2,23,98
2,20,30,42,0,2,22,99
2,20,35,42,0,2,21,96
2,20,40,41,0,2,21,95
2,20,45,40,0,2,19,99
2,20,50,37,0,2,16,100
2,20,55,35,0,2,14,104
2,21,0,32,0,2,13,103
2,21,5,25,0,2,7,103
2,21,10,25,0,2,7,102
2,21,15,22,0,2,7,93
2,21,20,21,0,2,7,92
2,21,25,21,0,2,7,89
2,21,30,21,0,2,7,82
2,21,35,21,0,2,7,80
2,21,40,21,0,2,7,78
2,21,45,21,0,2,7,74
2,21,50,21,0,2,7,71
2,21,55,21,0,2,7,69
2,22,0,21,0,2,7,62
2,23,0,21,0,2,7,62
3,7,0,0,0,0,0,1
3,7,5,0,0,0,0,13
3,7,10,0,0,0,0,16
3,7,15,0,0,0,0,22
3,7,20,0,0,0,0,25
3,7,25,0,0,0,0,28
3,7,30,1,0,0,0,28
3,7,35,1,0,0,0,30
3,7,40,3,0,0,0,31
3,7,45,5,0,0,0,32
3,7,50,6,0,0,0,38
3,7,55,8,0,0,0,40
3,8,0,8,0,0,0,39
3,8,5,8,0,0,0,37
3,8,10,8,0,0,0,36
3,8,15,8,0,0,0,38
3,8,20,8,0,0,0,35
3,8,25,8,0,0,0,35
3,8,30,6,0,0,0,36
3,8,35,6,0,0,0,33
3,8,40,6,0,0,0,31
3,8,45,6,0,0,0,25
3,8,50,8,0,0,0,24
3,8,55,6,0,0,0,24
3,9,0,6,0,0,0,25
3,9,5,7,0,0,0,24
3,9,10,8,0,0,0,22
3,9,15,7,0,0,0,26
3,9,20,7,0,0,0,28
3,9,25,5,0,0,0,30
3,9,30,5,0,0,4,28
3,9,35,6,0,0,8,29
3,9,40,5,0,0,8,30
3,9,45,3,0,0,8,29
3,9,50,3,0,0,8,30
3,9,55,3,0,0,10,31
3,10,0,3,0,0,11,38
3,10,5,1,0,0,13,41
3,10,10,1,0,0,14,43
4,7,0,0,0,0,0,1
4,7,5,0,0,0,0,6
4,7,10,0,0,0,0,9
4,7,15,0,0,0,0,17
4,7,20,0,0,0,0,21
4,7,25,0,0,0,0,21
4,7,30,0,0,0,0,21
4,7,35,2,0,0,0,24
4,7,40,3,0,0,0,28
4,7,45,3,0,0,0,31
4,7,50,4,0,0,0,32
4,7,55,7,0,0,0,33
4,8,0,9,0,0,0,34
4,8,5,11,0,0,0,33
4,8,10,11,0,0,0,32
4,8,15,11,0,0,0,31
4,8,20,11,0,0,0,32
4,8,25,11,0,0,0,32
4,8,30,9,0,0,0,29
4,8,35,9,0,0,0,30
4,8,40,7,0,0,0,31
4,8,45,4,0,0,0,30
4,8,50,4,0,0,0,30
4,8,55,4,0,0,0,29
4,9,0,4,0,0,0,29
4,9,5,5,0,0,0,27
4,9,10,5,0,0,5,28
4,9,15,5,0,0,5,27
4,9,20,3,0,0,6,30
4,9,25,3,0,0,6,29
4,9,30,2,0,0,6,30
4,9,35,2,0,0,7,28
4,9,40,3,0,0,8,28
4,9,45,3,0,0,7,29
4,9,50,3,0,0,7,32
4,9,55,6,0,0,7,31
4,10,0,6,0,0,6,34
4,10,5,7,0,0,5,37
4,10,10,7,0,0,5,41
4,10,15,9,0,0,6,36
4,10,20,10,0,0,5,34
4,10,25,10,0,0,4,39
4,10,30,12,0,0,5,37
4,10,35,12,0,0,4,37
4,10,40,11,0,0,6,43
4,10,45,12,0,0,7,48
4,10,50,10,0,0,7,49
4,10,55,11,0,0,9,49
4,11,0,10,0,0,9,50
4,11,5,10,0,0,6,51
4,11,10,10,0,0,6,49
4,11,15,9,0,0,8,49
4,11,20,7,0,0,7,50
4,11,25,7,0,0,7,47
4,11,30,8,0,0,6,40
4,11,35,7,0,2,6,46
4,11,40,7,0,3,6,49
4,11,45,7,0,5,4,49
4,11,50,6,0,10,3,44
4,11,55,6,0,11,6,42
4,12,0,7,0,11,4,40
4,12,5,6,0,12,7,42
4,12,10,7,0,13,7,42
4,12,15,10,0,13,8,43
4,12,20,10,0,15,8,41
4,12,25,10,0,18,9,42
4,12,30,9,0,16,9,41
4,12,35,10,0,15,9,42
4,12,40,14,0,15,10,40
4,12,45,12,0,16,10,38
4,12,50,13,0,17,10,38
4,12,55,12,0,17,10,37
4,13,0,11,0,18,14,36
4,13,5,11,0,16,13,38
4,13,10,11,0,15,14,39
4,13,15,11,0,16,13,38
4,13,20,9,0,14,13,38
4,13,25,11,0,14,12,39
4,13,30,11,0,15,9,40
4,13,35,15,0,8,8,37
4,13,40,17,0,7,7,35
4,13,45,12,0,5,7,38
4,13,50,14,0,13,6,39
4,13,55,14,0,13,6,37
4,14,0,16,0,14,5,39
4,14,5,15,0,15,5,43
4,14,10,13,0,15,5,45
4,14,15,14,0,15,4,49
4,14,20,14,0,15,8,49
4,14,25,13,0,15,12,50
4,14,30,14,0,16,12,50
4,14,35,16,0,17,12,51
4,14,40,13,0,17,13,54
4,14,45,13,0,17,13,55
4,14,50,12,0,19,13,54
4,14,55,9,0,21,14,55
4,15,0,8,0,23,14,55
4,15,5,8,0,23,14,57
4,15,10,11,0,25,14,55
4,15,15,13,0,19,12,58
4,15,20,15,0,18,9,59
4,15,25,15,0,18,6,58
4,15,30,15,0,18,6,60
4,15,35,13,0,18,7,61
4,15,40,13,0,21,8,58
4,15,45,13,0,22,7,62
4,15,50,14,0,22,9,63
4,15,55,19,0,18,10,67
4,16,0,22,0,18,12,66
4,16,5,24,0,22,12,71
4,16,10,27,0,24,14,69
4,16,15,31,0,22,15,69
4,16,20,39,0,26,16,79
4,16,25,51,0,26,15,88
4,16,30,53,0,25,18,93
4,16,35,52,0,25,18,95
4,16,40,54,0,26,19,93
4,16,45,54,0,27,19,97
4,16,50,58,0,24,19,95
4,16,55,61,0,27,16,97
4,17,0,62,0,27,17,98
4,17,5,66,0,25,17,98
4,17,10,61,0,22,16,99
4,17,15,59,0,23,16,100
4,17,20,60,0,23,15,97
4,17,25,61,0,23,14,99
4,17,30,57,0,26,14,95
4,17,35,57,0,26,15,88
4,17,40,56,0,27,16,87
4,17,45,57,0,32,15,85
4,17,50,46,0,28,15,85
4,17,55,45,0,28,18,89
4,18,0,46,0,33,20,87
4,18,5,41,0,34,19,85
4,18,10,39,0,35,22,79
4,18,15,35,0,34,22,82
4,18,20,34,0,33,23,78
4,18,25,34,0,34,23,77
4,18,30,35,0,32,21,78
4,18,35,35,0,29,19,80
4,18,40,35,0,29,21,79
4,18,45,23,0,28,22,83
4,18,50,24,0,28,24,85
4,18,55,27,0,23,24,88
4,19,0,25,0,20,20,88
4,19,5,25,0,22,18,92
4,19,10,26,0,22,19,94
4,19,15,27,0,21,17,92
4,19,20,28,0,22,17,94
4,19,25,28,0,22,17,97
4,19,30,26,0,17,18,98
4,19,35,27,0,17,19,97
4,19,40,22,0,17,15,97
4,19,45,19,0,17,15,102
4,19,50,19,0,16,14,101
4,19,55,18,0,15,16,97
4,20,0,17,0,11,16,98
4,20,5,19,0,4,13,98
4,20,10,17,0,4,17,99
4,20,15,13,0,4,17,95
4,20,20,12,0,4,18,94
4,20,25,13,0,4,15,97
4,20,30,11,0,4,13,98
4,20,35,11,0,4,14,91
4,20,40,10,0,4,12,91
4,20,45,7,0,4,7,95
4,20,50,3,0,4,7,102
4,20,55,1,0,4,7,104
4,21,0,1,0,4,2,99
4,21,5,1,0,4,1,98
4,21,10,1,0,4,1,99
4,21,15,1,0,4,1,102
4,21,20,1,0,4,1,104
4,21,25,1,0,4,1,100
4,21,30,1,0,4,1,99
4,21,35,1,0,4,1,96
4,21,40,1,0,4,1,91
4,21,45,1,0,4,1,84
4,21,50,1,0,4,1,77
4,21,55,1,0,4,1,69
4,22,0,1,0,4,1,55
4,23,0,1,0,4,1,51
5,7,0,0,0,0,0,2
5,7,5,0,0,0,0,3
5,7,10,0,0,0,0,5
5,7,15,0,0,0,0,6
5,7,20,0,0,0,0,8
5,7,25,0,0,0,0,10
5,7,30,0,0,0,0,10
5,7,35,0,0,0,0,10
5,7,40,0,0,0,0,12
5,7,45,0,0,0,0,13
5,7,50,0,0,0,0,16
5,7,55,0,0,0,0,16
5,8,0,0,0,0,0,18
5,8,5,0,0,0,0,17
5,8,10,0,0,0,0,18
5,8,15,0,0,0,0,19
5,8,20,0,0,0,0,18
5,8,25,0,0,0,0,19
5,8,30,0,0,0,0,18
5,8,35,0,0,0,0,18
5,8,40,0,0,0,0,18
5,8,45,0,0,0,0,19
5,8,50,0,0,0,0,16
5,8,55,6,0,0,0,19
5,9,0,9,0,0,0,19
5,9,5,14,0,0,0,20
5,9,10,20,0,0,1,21
5,9,15,23,0,0,1,22
5,9,20,24,0,0,1,23
5,9,25,26,0,0,2,26
5,9,30,27,0,0,2,27
5,9,35,29,0,0,2,26
5,9,40,29,0,0,2,27
5,9,45,29,0,0,2,28
5,9,50,29,0,0,3,28
5,9,55,30,0,0,4,30
5,10,0,32,0,0,5,31
5,10,5,34,0,0,6,31
5,10,10,32,0,0,6,33
5,10,15,35,0,0,5,36
5,10,20,35,0,0,5,36
5,10,25,36,0,0,5,38
5,10,30,35,0,0,5,38
5,10,35,32,0,0,5,41
5,10,40,33,0,0,6,43
5,10,45,30,0,0,6,42
5,10,50,30,0,0,8,40
5,10,55,29,0,0,8,38
5,11,0,29,0,0,8,40
5,11,5,28,0,0,8,42
5,11,10,31,0,0,8,43
5,11,15,32,0,0,9,40
5,11,20,32,0,0,8,44
5,11,25,30,0,0,9,45
5,11,30,31,0,0,9,49
5,11,35,32,0,0,8,48
5,11,40,32,0,0,8,55
5,11,45,29,0,0,6,51
5,11,50,31,0,0,7,49
5,11,55,33,0,0,7,51
5,12,0,19,0,0,7,53
5,12,5,19,0,0,7,51
5,12,10,21,0,0,7,52
5,12,15,21,0,0,7,50
5,12,20,21,0,0,7,49
5,12,25,19,0,0,5,47
5,12,30,18,0,0,4,46
5,12,35,18,0,0,4,46
5,12,40,17,0,0,5,45
5,12,45,17,0,0,5,46
5,12,50,11,0,0,6,47
5,12,55,10,0,0,6,49
5,13,0,9,0,0,7,48
5,13,5,9,0,0,7,44
5,13,10,9,0,0,8,44
5,13,15,11,0,0,9,42
5,13,20,11,0,0,10,41
5,13,25,10,0,0,11,44
5,13,30,14,0,0,11,44
5,13,35,17,0,0,10,44
5,13,40,18,0,0,11,46
5,13,45,21,0,0,13,40
5,13,50,21,0,0,12,40
5,13,55,21,0,0,13,39
5,14,0,22,0,0,14,40
5,14,5,22,0,0,14,39
5,14,10,22,0,0,14,41
5,14,15,22,0,0,15,39
5,14,20,22,0,0,16,44
5,14,25,22,0,0,16,45
5,14,30,20,0,0,18,47
5,14,35,19,0,0,19,48
5,14,40,19,0,0,19,47
5,14,45,19,0,0,19,48
5,14,50,19,0,0,21,48
5,14,55,21,0,0,21,54
5,15,0,21,0,0,21,51
5,15,5,22,0,0,24,55
5,15,10,26,0,0,14,56
5,15,15,25,0,0,14,54
5,15,20,24,0,0,14,55
5,15,25,24,0,0,14,56
5,15,30,24,0,0,14,56
5,15,35,25,0,0,16,53
5,15,40,29,0,0,14,54
5,15,45,30,0,0,15,53
5,15,50,33,0,0,14,52
5,15,55,32,0,0,13,51
5,16,0,33,0,0,15,52
5,16,5,40,0,0,15,50
5,16,10,41,0,0,13,51
5,16,15,43,0,0,16,57
5,16,20,43,0,0,19,61
5,16,25,44,0,0,26,64
5,16,30,50,0,0,26,67
5,16,35,53,0,0,25,69
5,16,40,52,0,0,26,69
5,16,45,55,0,0,27,74
5,16,50,56,0,0,26,76
5,16,55,54,0,0,28,79
5,17,0,47,0,0,28,78
5,17,5,43,0,0,27,82
5,17,10,41,0,0,26,81
5,17,15,49,0,0,26,83
5,17,20,52,0,0,25,83
5,17,25,53,0,0,26,89
5,17,30,53,0,0,25,88
5,17,35,50,0,0,19,92
5,17,40,50,0,0,20,96
5,17,45,51,0,0,17,91
5,17,50,51,0,0,17,91
5,17,55,49,0,0,19,89
5,18,0,49,0,0,21,87
5,18,5,48,0,0,21,82
5,18,10,48,0,0,20,83
5,18,15,47,0,0,18,81
5,18,20,47,0,0,17,81
5,18,25,43,0,0,14,84
5,18,30,40,0,0,14,82
5,18,35,39,0,0,14,84
5,18,40,35,0,0,13,84
5,18,45,33,0,0,12,84
5,18,50,31,0,0,10,84
5,18,55,27,0,0,9,85
5,19,0,26,0,0,4,84
5,19,5,17,0,0,4,80
5,19,10,14,0,0,4,79
5,19,15,14,0,0,4,83
5,19,20,4,0,0,4,84
5,19,25,1,0,0,4,81
5,19,30,1,0,0,4,77
5,19,35,1,0,0,4,79
5,19,40,1,0,0,4,84
5,19,45,1,0,0,4,87
5,19,50,1,0,0,4,86
5,19,55,1,0,0,4,90
5,20,0,1,0,0,4,91
5,20,5,1,0,0,4,92
5,20,10,1,0,0,4,92
5,20,15,1,0,0,4,92
5,20,20,1,0,0,4,92
5,20,25,1,0,0,4,93
5,20,30,1,0,0,4,93
5,20,35,1,0,0,4,89
5,20,40,1,0,0,4,88
5,20,45,1,0,0,4,87
5,20,50,1,0,0,4,87
5,20,55,1,0,0,4,88
5,21,0,1,0,0,4,86
5,21,5,1,0,0,4,92
5,21,10,1,0,0,4,95
5,21,15,1,0,0,4,91
5,21,20,1,0,0,4,89
5,21,25,1,0,0,4,86
5,21,30,1,0,0,4,84
5,21,35,1,0,0,4,81
5,21,40,1,0,0,4,77
5,21,45,1,0,0,4,76
5,21,50,1,0,0,4,75
5,21,55,1,0,0,4,69
5,22,0,1,0,0,4,65
5,23,0,1,0,0,4,56
6,7,0,0,0,0,0,0
6,7,5,0,0,0,0,0
6,7,10,0,0,0,0,4
6,7,15,0,0,0,0,4
6,7,20,0,0,0,0,5
6,7,25,0,0,0,0,5
6,7,30,0,0,0,0,5
6,7,35,0,0,0,0,5
6,7,40,0,0,0,0,5
6,7,45,0,0,0,0,5
6,7,50,0,0,0,0,8
6,7,55,0,0,0,0,8
6,8,0,0,0,0,0,8
6,8,5,0,0,0,0,8
6,8,10,0,0,0,0,8
6,8,15,0,0,0,0,8
6,8,20,0,0,0,0,9
6,8,25,0,0,0,0,11
6,8,30,0,0,0,0,13
6,8,35,0,0,0,0,16
6,8,40,0,0,0,0,16
6,8,45,0,0,0,0,16
6,8,50,0,0,0,0,15
6,8,55,0,0,0,0,17
6,9,0,1,0,0,0,16
6,9,5,3,0,0,0,17
6,9,10,5,0,0,1,18
6,9,15,11,0,0,1,19
6,9,20,22,0,0,1,20
6,9,25,28,0,0,1,22
6,9,30,30,0,0,2,20
6,9,35,30,0,0,3,24
6,9,40,30,0,0,3,24
6,9,45,31,0,0,3,26
6,9,50,32,0,0,3,25
6,9,55,32,0,0,4,27
6,10,0,31,0,0,4,27
6,10,5,32,0,0,4,28
6,10,10,33,0,0,4,30
6,10,15,33,0,0,5,32
6,10,20,35,0,0,5,35
6,10,25,37,0,0,6,38
6,10,30,37,0,0,6,37
6,10,35,36,0,0,7,38
6,10,40,35,0,0,7,39
6,10,45,34,0,0,8,38
6,10,50,34,0,0,9,39
6,10,55,37,0,0,11,41
6,11,0,37,0,0,10,37
6,11,5,37,0,0,9,39
6,11,10,37,0,0,8,38
6,11,15,36,0,0,9,40
6,11,20,37,0,0,7,39
6,11,25,37,0,0,7,39
6,11,30,36,0,0,6,38
6,11,35,36,0,0,6,36
6,11,40,36,0,0,3,37
6,11,45,34,0,0,3,36
6,11,50,30,0,0,3,34
6,11,55,32,0,0,3,31
6,12,0,31,0,0,3,31
6,12,5,30,0,0,2,34
6,12,10,30,0,0,2,35
6,12,15,32,0,0,2,34
6,12,20,32,0,0,2,36
6,12,25,32,0,0,3,35
6,12,30,32,0,0,3,36
6,12,35,30,0,0,3,37
6,12,40,30,0,0,5,38
6,12,45,29,0,0,5,34
6,12,50,27,0,0,4,36
6,12,55,27,0,0,4,35
6,13,0,27,0,0,4,35
6,13,5,27,0,0,4,33
6,13,10,27,0,0,4,31
6,13,15,26,0,0,4,30
6,13,20,25,0,0,4,27
6,13,25,23,0,0,3,29
6,13,30,23,0,0,2,28
6,13,35,15,0,0,2,29
6,13,40,5,0,0,2,29
6,13,45,6,0,0,2,32
6,13,50,6,0,0,2,30
6,13,55,3,0,0,2,31
6,14,0,3,0,0,4,34
6,14,5,3,0,0,4,39
6,14,10,3,0,0,4,42
6,14,15,3,0,0,4,44
6,14,20,4,0,0,3,45
6,14,25,5,0,0,3,47
6,14,30,7,0,0,3,46
6,14,35,9,0,0,3,50
6,14,40,10,0,0,3,48
6,14,45,10,0,0,3,45
6,14,50,10,0,0,4,42
6,14,55,13,0,0,4,41
6,15,0,15,0,0,4,43
6,15,5,19,0,0,4,44
6,15,10,20,0,0,4,44
6,15,15,23,0,0,6,43
6,15,20,24,0,0,6,42
6,15,25,25,0,0,6,44
6,15,30,25,0,0,6,44
6,15,35,23,0,0,5,46
6,15,40,22,0,0,6,46
6,15,45,23,0,0,8,48
6,15,50,24,0,0,8,46
6,15,55,27,0,0,8,50
6,16,0,26,0,0,10,52
6,16,5,29,0,0,10,53
6,16,10,32,0,0,10,53
6,16,15,31,0,0,11,52
6,16,20,31,0,0,10,55
6,16,25,39,0,0,10,55
6,16,30,44,0,0,10,52
6,16,35,47,0,0,12,54
6,16,40,48,0,0,11,55
6,16,45,48,0,0,9,53
6,16,50,51,0,0,9,57
6,16,55,55,0,0,13,54
6,17,0,54,0,0,13,56
6,17,5,55,0,0,13,56
6,17,10,55,0,0,13,61
6,17,15,53,0,0,14,63
6,17,20,58,0,0,12,64
6,17,25,57,0,0,12,63
6,17,30,58,0,0,14,65
6,17,35,60,0,0,15,63
6,17,40,64,0,0,14,66
6,17,45,61,0,0,12,67
6,17,50,53,0,0,12,70
6,17,55,49,0,0,11,72
6,18,0,42,0,0,12,73
6,18,5,43,0,0,11,74
6,18,10,44,0,0,12,73
6,18,15,41,0,0,13,73
6,18,20,37,0,0,10,69
6,18,25,32,0,0,9,71
6,18,30,29,0,0,9,68
6,18,35,25,0,0,10,68
6,18,40,21,0,0,10,64
6,18,45,12,0,0,10,60
6,18,50,10,0,0,9,63
6,18,55,8,0,0,5,57
6,19,0,3,0,0,2,55
6,19,5,3,0,0,2,52
6,19,10,3,0,0,2,54
6,19,15,3,0,0,2,55
6,19,20,3,0,0,2,56
6,19,25,3,0,0,2,56
6,19,30,3,0,0,2,50
6,19,35,3,0,0,2,50
6,19,40,3,0,0,2,52
6,19,45,3,0,0,2,51
6,19,50,3,0,0,2,51
6,19,55,3,0,0,2,51
6,20,0,3,0,0,2,50
6,20,5,3,0,0,2,53
6,20,10,3,0,0,2,55
6,20,15,3,0,0,2,54
6,20,20,3,0,0,2,55
6,20,25,3,0,0,2,55
6,20,30,3,0,0,2,56
6,20,35,3,0,0,2,58
6,20,40,3,0,0,2,61
6,20,45,3,0,0,2,66
6,20,50,3,0,0,2,69
6,20,55,3,0,0,2,72
6,21,0,3,0,0,2,75
6,21,5,3,0,0,2,76
6,21,10,3,0,0,2,76
6,21,15,3,0,0,2,77
6,21,20,3,0,0,2,75
6,21,25,3,0,0,2,74
6,21,30,3,0,0,2,69
6,21,35,3,0,0,2,69
6,21,40,3,0,0,2,68
6,21,45,3,0,0,2,66
6,21,50,3,0,0,2,60
6,21,55,3,0,0,2,51
6,22,0,3,0,0,2,44
7,7,0,0,0,0,0,3
7,7,5,0,0,0,0,8
7,7,10,0,0,0,0,15
7,7,15,0,0,0,0,19
7,7,20,0,0,0,0,22
7,7,25,0,0,0,0,23
7,7,30,0,0,0,0,29
7,7,35,5,0,0,0,31
7,7,40,5,0,0,0,33
7,7,45,6,0,0,0,36
7,7,50,7,0,0,0,39
7,7,55,7,0,0,0,38
7,8,0,7,0,0,0,42
7,8,5,7,0,0,0,40
7,8,10,8,0,0,0,37
7,8,15,8,0,0,0,37
7,8,20,7,0,0,0,36
7,8,25,6,0,0,0,36
7,8,30,5,0,0,0,31
7,8,35,5,0,0,0,29
7,8,40,5,0,0,0,25
7,8,45,7,0,0,0,23
7,8,50,7,0,0,0,26
7,8,55,7,0,0,0,23
7,9,0,7,0,0,3,23
7,9,5,6,0,0,3,24
7,9,10,6,0,0,3,24
7,9,15,4,0,0,3,26
7,9,20,4,0,0,4,23
